-- --------------------------------------------------------
-- Host:                         127.0.0.1
-- Server Version:               5.7.26-0ubuntu0.16.04.1 - (Ubuntu)
-- Server Betriebssystem:        Linux
-- HeidiSQL Version:             9.4.0.5125
-- --------------------------------------------------------
CREATE DATABASE igs_application; 
USE igs_application;

/*!40101 SET @OLD_CHARACTER_SET_CLIENT=@@CHARACTER_SET_CLIENT */;
/*!40101 SET NAMES utf8 */;
/*!50503 SET NAMES utf8mb4 */;
/*!40014 SET @OLD_FOREIGN_KEY_CHECKS=@@FOREIGN_KEY_CHECKS, FOREIGN_KEY_CHECKS=0 */;
/*!40101 SET @OLD_SQL_MODE=@@SQL_MODE, SQL_MODE='NO_AUTO_VALUE_ON_ZERO' */;

-- Exportiere Struktur von Tabelle thrakien_cnt.nlp_hierarchy
CREATE TABLE IF NOT EXISTS `nlp_hierarchy` (
  `class` varchar(50) NOT NULL,
  `superclass` varchar(50) DEFAULT NULL,
  PRIMARY KEY (`class`)
) ENGINE=InnoDB DEFAULT CHARSET=latin1;

-- Exportiere Daten aus Tabelle thrakien_cnt.nlp_hierarchy: ~82 rows (ungefähr)
/*!40000 ALTER TABLE `nlp_hierarchy` DISABLE KEYS */;
INSERT INTO `nlp_hierarchy` (`class`, `superclass`) VALUES
	('AdoptiveEmperors', 'Emperor'),
	('AnimalRestraints', 'Tools'),
	('AntonineDynasty', 'Emperor'),
	('ArchitecturalElements', 'Architecture'),
	('ArchitecturalOrnaments', 'ArchitecturalElements'),
	('Architecture', 'cnt:Object'),
	('ArgeadDynasty', 'Hellenistic'),
	('Armour', 'Clothing'),
	('Arms', 'cnt:Object'),
	('Astrological', 'cnt:Object'),
	('Ax', 'Arms'),
	('Bar', 'cnt:Object'),
	('Barbarian', 'Human'),
	('BarracksEmperors', 'Emperor'),
	('BodyParts', 'cnt:Object'),
	('CanianDynasty', 'King'),
	('CityFounder', 'Heroes'),
	('CivicInstitutions', 'foaf:Person'),
	('Clothing', 'cnt:Object'),
	('ConstantinianDynasty', 'Emperor'),
	('Crown', 'Ornaments'),
	('Deities', 'foaf:Person'),
	('Egyptian', 'foaf:Person'),
	('Emperor', 'Human'),
	('EmperorsFamily', 'Human'),
	('Female', 'foaf:Person'),
	('FlavianDynasty', 'Emperor'),
	('GameObjects', 'cnt:Object'),
	('Gate', 'Architecture'),
	('General', 'Human'),
	('GordianDynasty', 'BarracksEmperors'),
	('Greek', 'foaf:Person'),
	('Greek-Roman', 'foaf:Person'),
	('Harness', 'AnimalRestraints'),
	('Head', 'BodyParts'),
	('Headdress', 'Clothing'),
	('Hellenistic', 'King'),
	('Heroes', 'foaf:Person'),
	('Human', 'foaf:Person'),
	('Interieur-Furniture', 'cnt:Object'),
	('Jewelery', 'Ornaments'),
	('Julio-ClaudianDynasty', 'Emperor'),
	('King', 'Human'),
	('LeonidDynasty', 'Emperor'),
	('Male', 'foaf:Person'),
	('Metal', 'cnt:Object'),
	('Mural', 'Architecture'),
	('MusicalInstruments', 'cnt:Object'),
	('MythologicalFigures', 'foaf:Person'),
	('NauticalObject', 'cnt:Object'),
	('Ocre_object', 'cnt:Object'),
	('Ocre_subject', 'foaf:Person'),
	('OdrysianDynasty', 'King'),
	('Olympic', 'Deities'),
	('Ornaments', 'cnt:Object'),
	('Other', 'Deities'),
	('Personification', 'Deities'),
	('PersonToObject', 'cnt:Relation'),
	('PersonToPerson', 'cnt:Relation'),
	('Ptolemies', 'Hellenistic'),
	('RiverGod', 'Deities'),
	('Roman', 'foaf:Person'),
	('SacrificialImplements', 'cnt:Object'),
	('SapeianDynasty', 'King'),
	('Seleucides', 'Hellenistic'),
	('SeveranDynasty', 'Emperor'),
	('Ship', 'NauticalObject'),
	('ShipPart', 'Ship'),
	('ShipType', 'Ship'),
	('Staff', 'Tools'),
	('Statues', 'cnt:Object'),
	('Stone', 'cnt:Object'),
	('Tetrarchy', 'Emperor'),
	('TheodosianDynasty', 'Emperor'),
	('Tools', 'cnt:Object'),
	('Underworld', 'Deities'),
	('Usurper', 'Human'),
	('ValentinianDynasty', 'Emperor'),
	('VehicelObjects', 'cnt:Object'),
	('Vessel-Jar', 'cnt:Object'),
	('Wreath', 'Headdress'),
	('YearofFourEmperors', 'Emperor');
/*!40000 ALTER TABLE `nlp_hierarchy` ENABLE KEYS */;

-- Exportiere Struktur von Tabelle thrakien_cnt.nlp_list_animal
CREATE TABLE IF NOT EXISTS `nlp_list_animal` (
  `id` int(11) NOT NULL AUTO_INCREMENT,
  `name` varchar(100) DEFAULT NULL,
  `description` varchar(800) DEFAULT NULL,
  `alternativenames` varchar(2000) DEFAULT NULL,
  `typos` varchar(250) DEFAULT NULL,
  `link` varchar(100) DEFAULT NULL,
  `Cat_I` varchar(50) DEFAULT NULL,
  `Cat_II` varchar(50) DEFAULT NULL,
  PRIMARY KEY (`id`)
) ENGINE=InnoDB AUTO_INCREMENT=57 DEFAULT CHARSET=utf8;

-- Exportiere Daten aus Tabelle thrakien_cnt.nlp_list_animal: ~56 rows (ungefähr)
/*!40000 ALTER TABLE `nlp_list_animal` DISABLE KEYS */;
INSERT INTO `nlp_list_animal` (`id`, `name`, `description`, `alternativenames`, `typos`, `link`, `Cat_I`, `Cat_II`) VALUES
	(1, 'Apis-bull', 'Heiliger Stier von Memphis', NULL, NULL, 'http://www.dbis.cs.uni-frankfurt.de/cnt/id/Apis_bull_animal', 'Mamal', 'MythicalCreature'),
	(2, 'Cerberus', 'Mehrköpfiger Hund, Wächter im Hades', NULL, NULL, 'http://collection.britishmuseum.org/id/person-institution/57603', 'Mamal', 'MythicalCreature'),
	(3, 'Ceryneian Hind', 'Ungeheuer aus der Heraklesmythologie', 'Ceryneian hind', 'Cerynean Hind', 'http://www.dbis.cs.uni-frankfurt.de/cnt/id/Ceryneian_Hind_animal', 'Mamal', 'MythicalCreature'),
	(4, 'Cetus', 'Meeresungeheuer', NULL, NULL, 'http://www.dbis.cs.uni-frankfurt.de/cnt/id/Cetus_animal', 'Fish', 'MythicalCreature'),
	(5, 'Cretan Bull', 'Ungeheuer aus der Heraklesmythologie', 'Cretan bull', NULL, 'http://www.dbis.cs.uni-frankfurt.de/cnt/id/Cretan_Bull_animal', 'Mamal', 'MythicalCreature'),
	(6, 'Erymanthian Boar', 'Ungeheuer aus der Heraklesmythologie', 'Erymanthian boar', NULL, 'http://www.dbis.cs.uni-frankfurt.de/cnt/id/Erymanthian_Boar_animal', 'Mamal', 'MythicalCreature'),
	(7, 'Hydra', 'Ungeheuer aus der Heraklesmythologie', NULL, NULL, 'http://www.dbis.cs.uni-frankfurt.de/cnt/id/Hydra_animal', 'Reptile', 'MythicalCreature'),
	(8, 'Ladon', 'Ungeheuer aus der Heraklesmythologie', NULL, NULL, 'http://www.dbis.cs.uni-frankfurt.de/cnt/id/Ladon_animal', 'Reptile', 'MythicalCreature'),
	(9, 'Nemean Lion', 'Ungeheuer aus der Heraklesmythologie', 'Nemean lion', NULL, 'http://www.dbis.cs.uni-frankfurt.de/cnt/id/Nemean_Lion_animal', 'Mamal', 'MythicalCreature'),
	(10, 'Pegasus', 'mythsches Pferd mit Flügeln', 'Pegasos', NULL, 'http://collection.britishmuseum.org/id/person-institution/59743', 'Mamal', 'MythicalCreature'),
	(11, 'bear', NULL, 'bears', NULL, 'http://www.dbis.cs.uni-frankfurt.de/cnt/id/bear_animal', 'Mamal', NULL),
	(12, 'bee', NULL, 'bees', NULL, 'http://www.dbis.cs.uni-frankfurt.de/cnt/id/bee_animal', 'Insect', NULL),
	(13, 'beehive', NULL, 'beehives', NULL, 'http://www.dbis.cs.uni-frankfurt.de/cnt/id/beehive_animal', 'Insect', NULL),
	(14, 'bird', NULL, 'birds', NULL, 'http://www.dbis.cs.uni-frankfurt.de/cnt/id/bird_animal', 'Bird', NULL),
	(15, 'boar', NULL, 'boars, Boar', NULL, 'http://www.dbis.cs.uni-frankfurt.de/cnt/id/boar_animal', 'Mamal', NULL),
	(16, 'bull', NULL, 'bulls', NULL, 'http://www.dbis.cs.uni-frankfurt.de/cnt/id/bull_animal', 'Mamal', NULL),
	(17, 'cicada', NULL, 'cicadas', NULL, 'http://www.dbis.cs.uni-frankfurt.de/cnt/id/cicada_animal', 'Insect', NULL),
	(18, 'crab', NULL, 'crabs', NULL, 'http://www.dbis.cs.uni-frankfurt.de/cnt/id/crab_animal', 'Shellfish', NULL),
	(19, 'crayfish', NULL, 'crayfishes', NULL, 'http://www.dbis.cs.uni-frankfurt.de/cnt/id/crayfish_animal', 'Shellfish', NULL),
	(20, 'deer', NULL, 'deers', NULL, 'http://www.dbis.cs.uni-frankfurt.de/cnt/id/deer_animal', 'Mamal', NULL),
	(21, 'dog', NULL, 'dogs', NULL, 'http://www.dbis.cs.uni-frankfurt.de/cnt/id/dog_animal', 'Mamal', NULL),
	(22, 'dolphin', NULL, 'dolphins', NULL, 'http://www.dbis.cs.uni-frankfurt.de/cnt/id/dolphin_animal', 'Mamal', NULL),
	(23, 'eagle', NULL, 'eagles, Eagle', NULL, 'http://www.dbis.cs.uni-frankfurt.de/cnt/id/eagle_animal', 'Bird', NULL),
	(24, 'fish', NULL, 'fishes', NULL, 'http://www.dbis.cs.uni-frankfurt.de/cnt/id/fish_animal', 'Fish', NULL),
	(25, 'fly', NULL, 'flies', NULL, 'http://www.dbis.cs.uni-frankfurt.de/cnt/id/fly_animal', 'Insect', NULL),
	(26, 'fox', NULL, 'foxes', NULL, 'http://www.dbis.cs.uni-frankfurt.de/cnt/id/fox_animal', 'Mamal', NULL),
	(27, 'goat', NULL, 'goats', NULL, 'http://www.dbis.cs.uni-frankfurt.de/cnt/id/goat_animal', 'Mamal', NULL),
	(28, 'griffin', 'mythisches Mischwesen', 'griffins', NULL, 'http://www.dbis.cs.uni-frankfurt.de/cnt/id/griffin_animal', 'Bird', 'MythicalCreature'),
	(29, 'he-goat', NULL, 'he-goats', NULL, 'http://www.dbis.cs.uni-frankfurt.de/cnt/id/he_goat_animal', 'Mamal', NULL),
	(30, 'hind', NULL, 'hinds', NULL, 'http://www.dbis.cs.uni-frankfurt.de/cnt/id/hind_animal', 'Mamal', NULL),
	(31, 'hippocampus', 'Seepferdchen', 'hippocampi', NULL, 'http://www.dbis.cs.uni-frankfurt.de/cnt/id/hippocampus_animal', 'Mamal', 'MythicalCreature'),
	(32, 'horse', NULL, 'horses', NULL, 'http://www.dbis.cs.uni-frankfurt.de/cnt/id/horse_animal', 'Mamal', NULL),
	(33, 'hound', NULL, 'hounds', NULL, 'http://www.dbis.cs.uni-frankfurt.de/cnt/id/hound_animal', 'Mamal', NULL),
	(34, 'ibis', NULL, 'ibises', NULL, 'http://www.dbis.cs.uni-frankfurt.de/cnt/id/ibis_animal', 'Bird', NULL),
	(35, 'lion', NULL, 'lions', NULL, 'http://www.dbis.cs.uni-frankfurt.de/cnt/id/lion_animal', 'Mamal', NULL),
	(36, 'ostrich', NULL, 'ostriches', NULL, 'http://www.dbis.cs.uni-frankfurt.de/cnt/id/ostrich_animal', 'Bird', NULL),
	(37, 'owl', NULL, 'owls', NULL, 'http://www.dbis.cs.uni-frankfurt.de/cnt/id/owl_animal', 'Bird', NULL),
	(38, 'panther', NULL, 'panthers', NULL, 'http://www.dbis.cs.uni-frankfurt.de/cnt/id/panther_animal', 'Mamal', NULL),
	(39, 'peacock', NULL, 'peacocks', NULL, 'http://www.dbis.cs.uni-frankfurt.de/cnt/id/peacock_animal', 'Bird', NULL),
	(40, 'ram', NULL, 'rams', NULL, 'http://www.dbis.cs.uni-frankfurt.de/cnt/id/ram_animal', 'Mamal', NULL),
	(41, 'rooster', NULL, 'roosters', NULL, 'http://www.dbis.cs.uni-frankfurt.de/cnt/id/rooster_animal', 'Bird', NULL),
	(42, 'scallop', NULL, 'scallops', NULL, 'http://www.dbis.cs.uni-frankfurt.de/cnt/id/scallop_animal', 'Shellfish', 'Shell'),
	(43, 'scorpion', NULL, 'scorpions', 'scropion', 'http://www.dbis.cs.uni-frankfurt.de/cnt/id/scorpion_animal', 'Insect', NULL),
	(44, 'serpent', NULL, 'serpents', NULL, 'http://www.dbis.cs.uni-frankfurt.de/cnt/id/serpent_animal', 'Reptile', NULL),
	(45, 'she-wolf', NULL, 'she-wolves', NULL, 'http://www.dbis.cs.uni-frankfurt.de/cnt/id/she_wolf_animal', 'Mamal', NULL),
	(46, 'shell', NULL, 'shells', NULL, 'http://www.dbis.cs.uni-frankfurt.de/cnt/id/shell_animal', 'Shellfish', NULL),
	(47, 'snake', NULL, 'snakes', NULL, 'http://www.dbis.cs.uni-frankfurt.de/cnt/id/snake_animal', 'Reptile', NULL),
	(48, 'sphinx', 'mythisches Mischwesen', NULL, NULL, 'http://www.dbis.cs.uni-frankfurt.de/cnt/id/sphinx_animal', 'Mamal', 'MythicalCreature'),
	(49, 'stag', NULL, 'stags', NULL, 'http://www.dbis.cs.uni-frankfurt.de/cnt/id/stag_animal', 'Mamal', NULL),
	(50, 'tortoise', NULL, 'tortoises', NULL, 'http://www.dbis.cs.uni-frankfurt.de/cnt/id/tortoise_animal', 'Reptile', NULL),
	(51, 'tunny', NULL, 'tunnies', NULL, 'http://www.dbis.cs.uni-frankfurt.de/cnt/id/tunny_animal', 'Fish', NULL),
	(52, 'turtle', NULL, 'turtles', NULL, 'http://www.dbis.cs.uni-frankfurt.de/cnt/id/turtle_animal', 'Reptile', NULL),
	(53, 'wolf', NULL, 'wolves', NULL, 'http://www.dbis.cs.uni-frankfurt.de/cnt/id/wolf_animal', 'Mamal', NULL),
	(54, 'worm', NULL, 'worms', NULL, 'http://www.dbis.cs.uni-frankfurt.de/cnt/id/worm_animal', 'Worm', NULL),
	(55, 'raven', NULL, 'ravens', NULL, 'http://www.dbis.cs.uni-frankfurt.de/cnt/id/raven_animal', 'Bird', NULL),
	(56, 'hydra', NULL, 'hydras', NULL, NULL, 'Reptile', 'MythicalCreature');
/*!40000 ALTER TABLE `nlp_list_animal` ENABLE KEYS */;

-- Exportiere Struktur von Tabelle thrakien_cnt.nlp_list_obj
CREATE TABLE IF NOT EXISTS `nlp_list_obj` (
  `id` int(11) NOT NULL AUTO_INCREMENT,
  `name` varchar(100) DEFAULT NULL,
  `description` varchar(800) DEFAULT NULL,
  `alternativenames` varchar(2000) DEFAULT NULL,
  `typos` varchar(250) DEFAULT NULL,
  `link` varchar(100) DEFAULT NULL,
  `Cat_I` varchar(50) DEFAULT NULL,
  `Cat_II` varchar(50) DEFAULT NULL,
  `Cat_III` varchar(50) DEFAULT NULL,
  PRIMARY KEY (`id`)
) ENGINE=InnoDB AUTO_INCREMENT=316 DEFAULT CHARSET=utf8;

-- Exportiere Daten aus Tabelle thrakien_cnt.nlp_list_obj: ~222 rows (ungefähr)
/*!40000 ALTER TABLE `nlp_list_obj` DISABLE KEYS */;
INSERT INTO `nlp_list_obj` (`id`, `name`, `description`, `alternativenames`, `typos`, `link`, `Cat_I`, `Cat_II`, `Cat_III`) VALUES
	(1, 'acroteria', 'Architektur zur Dachbekrönung', 'acroterion, akroterion, akroteria', NULL, 'http://www.dbis.cs.uni-frankfurt.de/cnt/id/acroteria_object', 'Architecture', 'ArchitecturalElements', NULL),
	(2, 'aegis', 'Rüstung der Athena', 'aigis, ägis', NULL, 'http://www.dbis.cs.uni-frankfurt.de/cnt/id/aegis_object', 'Clothing', 'Armour', NULL),
	(3, 'agonistic crown', NULL, 'agonistic crowns', NULL, 'http://www.dbis.cs.uni-frankfurt.de/cnt/id/agonistic_crown_object', 'Ornaments', 'Crown', NULL),
	(4, 'altar', NULL, 'altars', NULL, 'http://www.dbis.cs.uni-frankfurt.de/cnt/id/altar_object', 'Architecture', NULL, NULL),
	(5, 'amphora', 'Aufbewahrungsgefäß', 'amphorae, amphoras', NULL, 'http://www.dbis.cs.uni-frankfurt.de/cnt/id/amphora_object', 'Vessel-Jar', NULL, NULL),
	(6, 'anchor', NULL, 'anchors', NULL, 'http://www.dbis.cs.uni-frankfurt.de/cnt/id/anchor_object', 'NauticalObject', 'Ship', 'ShipPart'),
	(7, 'antefix', 'Stirnziegel', 'antefixa', NULL, 'http://www.dbis.cs.uni-frankfurt.de/cnt/id/antefix_object', 'Architecture', 'ArchitecturalElements', NULL),
	(8, 'aplustre', 'verzierter Vorderteil eines Schiffes', 'aplustres', NULL, 'http://www.dbis.cs.uni-frankfurt.de/cnt/id/aplustre_object', 'NauticalObject', 'Ship', 'ShipPart'),
	(9, 'arch', NULL, 'arches', NULL, 'http://www.dbis.cs.uni-frankfurt.de/cnt/id/arch_object', 'Architecture', 'ArchitecturalElements', NULL),
	(10, 'armour', NULL, 'armours', NULL, 'http://www.dbis.cs.uni-frankfurt.de/cnt/id/armour_object', 'Clothing', NULL, NULL),
	(11, 'arrow', NULL, 'arrows', NULL, 'http://www.dbis.cs.uni-frankfurt.de/cnt/id/arrow_object', 'Arms', NULL, NULL),
	(12, 'astragal', 'Wüfelknöchelchen', 'astagaloi', NULL, 'http://www.dbis.cs.uni-frankfurt.de/cnt/id/astragal_object', 'GameObjects', NULL, NULL),
	(13, 'aulos', 'Doppelflöte', 'auloi', NULL, 'http://www.dbis.cs.uni-frankfurt.de/cnt/id/aulos_object', 'MusicalInstruments', NULL, NULL),
	(14, 'ax', NULL, 'axes, axe', NULL, 'http://www.dbis.cs.uni-frankfurt.de/cnt/id/ax_object', 'Arms', 'Ax', NULL),
	(15, 'band', NULL, 'bands', NULL, 'http://www.dbis.cs.uni-frankfurt.de/cnt/id/band_object', 'Ornaments', NULL, NULL),
	(16, 'base', NULL, 'bases', NULL, 'http://www.dbis.cs.uni-frankfurt.de/cnt/id/base_object', 'Architecture', 'ArchitecturalElements', NULL),
	(17, 'basket', NULL, 'baskets', NULL, 'http://www.dbis.cs.uni-frankfurt.de/cnt/id/basket_object', 'Vessel-Jar', NULL, NULL),
	(18, 'beaded ribbon', NULL, 'beaded ribbons', NULL, 'http://www.dbis.cs.uni-frankfurt.de/cnt/id/beaded_ribbon_object', 'Ornaments', NULL, NULL),
	(19, 'beehive', NULL, 'beehives', NULL, 'http://www.dbis.cs.uni-frankfurt.de/cnt/id/beehive_object', 'Vessel-Jar', NULL, NULL),
	(20, 'biga', 'Streitwagen mit zwei Pferden', 'bigae, bigas', NULL, 'http://www.dbis.cs.uni-frankfurt.de/cnt/id/biga_object', 'VehicelObjects', NULL, NULL),
	(22, 'boot', NULL, 'boots', NULL, 'http://www.dbis.cs.uni-frankfurt.de/cnt/id/boot_object', 'Clothing', NULL, NULL),
	(23, 'bow', NULL, 'bows', NULL, 'http://www.dbis.cs.uni-frankfurt.de/cnt/id/bow_object', 'Arms', NULL, NULL),
	(24, 'bridle', NULL, 'bridles', NULL, 'http://www.dbis.cs.uni-frankfurt.de/cnt/id/bridle_object', 'Tools', 'AnimalRestraints', 'Harness'),
	(25, 'bucranium', 'Rinderschädel als Zierelement', 'bucranion, bucrania', NULL, 'http://www.dbis.cs.uni-frankfurt.de/cnt/id/bucranium_object', 'Architecture', 'ArchitecturalElements', 'ArchitecturalOrnaments'),
	(26, 'bukephalion', 'Rinderschädel als Zierelement', 'bukephalia', NULL, 'http://www.dbis.cs.uni-frankfurt.de/cnt/id/bukephalion_object', 'Architecture', 'ArchitecturalElements', 'ArchitecturalOrnaments'),
	(27, 'bust', NULL, 'busts', NULL, 'http://www.dbis.cs.uni-frankfurt.de/cnt/id/bust_object', 'Statues', NULL, NULL),
	(28, 'caduceus', 'Botenstab', 'kerykeion, cadeceus', NULL, 'http://www.dbis.cs.uni-frankfurt.de/cnt/id/caduceus_object', 'Ornaments', NULL, NULL),
	(29, 'cantharus', 'Trinkgefäß', 'cantharos, kantharos, canthari, cantharoi, kantharoi', NULL, 'http://www.dbis.cs.uni-frankfurt.de/cnt/id/cantharus_object', 'Vessel-Jar', NULL, NULL),
	(30, 'cap', NULL, 'caps', NULL, 'http://www.dbis.cs.uni-frankfurt.de/cnt/id/cap_object', 'Clothing', 'Headdress', NULL),
	(31, 'capricorn', NULL, 'capricorns', NULL, 'http://www.dbis.cs.uni-frankfurt.de/cnt/id/capricorn_object', 'Astrological', NULL, NULL),
	(32, 'catapult', NULL, 'catapults', NULL, 'http://www.dbis.cs.uni-frankfurt.de/cnt/id/catapult_object', 'Arms', NULL, NULL),
	(33, 'cestus', 'Schlagring', 'cesti', NULL, 'http://www.dbis.cs.uni-frankfurt.de/cnt/id/cestus_object', 'Arms', NULL, NULL),
	(34, 'chalice', NULL, 'chalices', NULL, 'http://www.dbis.cs.uni-frankfurt.de/cnt/id/chalice_object', 'Vessel-Jar', NULL, NULL),
	(35, 'chiton', 'Gewand', 'chitons, chitones', NULL, 'http://www.dbis.cs.uni-frankfurt.de/cnt/id/chiton_object', 'Clothing', NULL, NULL),
	(36, 'chlamys', 'Reisemantel', 'chlamydes', NULL, 'http://www.dbis.cs.uni-frankfurt.de/cnt/id/chlamys_object', 'Clothing', NULL, NULL),
	(37, 'cippus', 'Spitzpfahl', 'cippi', NULL, 'http://www.dbis.cs.uni-frankfurt.de/cnt/id/cippus_object', 'Stone', NULL, NULL),
	(38, 'cista', 'Behälter', 'cistae', NULL, 'http://www.dbis.cs.uni-frankfurt.de/cnt/id/cista_object', 'Vessel-Jar', NULL, NULL),
	(39, 'cithara', 'eine Art Leier', 'kithara, citharae, kitharai', NULL, 'http://www.dbis.cs.uni-frankfurt.de/cnt/id/cithara_object', 'MusicalInstruments', NULL, NULL),
	(40, 'city gate', NULL, 'city gates', NULL, 'http://www.dbis.cs.uni-frankfurt.de/cnt/id/city_gate_object', 'Architecture', 'Gate', NULL),
	(41, 'city wall', NULL, 'city walls', NULL, 'http://www.dbis.cs.uni-frankfurt.de/cnt/id/city_wall_object', 'Architecture', 'Mural', NULL),
	(42, 'cloak', NULL, 'cloaks', NULL, 'http://www.dbis.cs.uni-frankfurt.de/cnt/id/cloak_object', 'Clothing', NULL, NULL),
	(43, 'club', NULL, 'clubs', NULL, 'http://www.dbis.cs.uni-frankfurt.de/cnt/id/club_object', 'Arms', NULL, NULL),
	(44, 'coat', NULL, 'coats', NULL, 'http://www.dbis.cs.uni-frankfurt.de/cnt/id/coat_object', 'Clothing', NULL, NULL),
	(45, 'collar', NULL, 'collars', NULL, 'http://www.dbis.cs.uni-frankfurt.de/cnt/id/collar_object', 'Tools', 'AnimalRestraints', NULL),
	(46, 'column', NULL, 'columns', NULL, 'http://www.dbis.cs.uni-frankfurt.de/cnt/id/column_object', 'Architecture', 'ArchitecturalElements', NULL),
	(47, 'cornucopia', 'Füllhorn', 'cornucopiae', 'corucopiae, corncuopiae', 'http://www.dbis.cs.uni-frankfurt.de/cnt/id/cornucopia_object', 'Tools', NULL, NULL),
	(48, 'crepidoma', 'Stufenunterbau eines Tempels', 'krepis, krepidoma, krepidomae', NULL, 'http://www.dbis.cs.uni-frankfurt.de/cnt/id/crepidoma_object', 'Architecture', 'ArchitecturalElements', NULL),
	(49, 'crescent', NULL, NULL, NULL, 'http://www.dbis.cs.uni-frankfurt.de/cnt/id/crescent_object', 'Astrological', NULL, NULL),
	(50, 'crown', NULL, 'crowns', NULL, 'http://www.dbis.cs.uni-frankfurt.de/cnt/id/crown_object', 'Ornaments', NULL, NULL),
	(51, 'crown juwel', NULL, 'crown juwels', NULL, 'http://www.dbis.cs.uni-frankfurt.de/cnt/id/crown_juwel_object', 'Ornaments', 'Crown', NULL),
	(52, 'cubit-role', NULL, 'cubit-rule, cubit-roles, cubit-rules', NULL, 'http://www.dbis.cs.uni-frankfurt.de/cnt/id/cubit-role_object', 'Tools', NULL, NULL),
	(53, 'cuirass', NULL, 'cuirasses', NULL, 'http://www.dbis.cs.uni-frankfurt.de/cnt/id/cuirass_object', 'Clothing', 'Armour', NULL),
	(54, 'cup', NULL, 'cups', NULL, 'http://www.dbis.cs.uni-frankfurt.de/cnt/id/cup_object', 'Vessel-Jar', NULL, NULL),
	(55, 'diadem', NULL, 'diadems', NULL, 'http://www.dbis.cs.uni-frankfurt.de/cnt/id/diadem_object', 'Clothing', 'Headdress', NULL),
	(56, 'disc', NULL, 'discs', NULL, 'http://www.dbis.cs.uni-frankfurt.de/cnt/id/disc_object', 'Ornaments', NULL, NULL),
	(57, 'door', NULL, 'doors', NULL, 'http://www.dbis.cs.uni-frankfurt.de/cnt/id/door_object', 'Interieur-Furniture', NULL, NULL),
	(58, 'double ax', NULL, 'double axes', NULL, 'http://www.dbis.cs.uni-frankfurt.de/cnt/id/double_ax_object', 'Arms', 'Ax', NULL),
	(59, 'drapery', NULL, 'draperies', NULL, 'http://www.dbis.cs.uni-frankfurt.de/cnt/id/drapery_object', 'Clothing', NULL, NULL),
	(60, 'drum', NULL, 'drums', NULL, 'http://www.dbis.cs.uni-frankfurt.de/cnt/id/drum_object', 'MusicalInstruments', NULL, NULL),
	(61, 'earring', NULL, 'earrings', NULL, 'http://www.dbis.cs.uni-frankfurt.de/cnt/id/earring_object', 'Ornaments', 'Jewelery', NULL),
	(63, 'footrest', NULL, 'footrests', NULL, 'http://www.dbis.cs.uni-frankfurt.de/cnt/id/footrest_object', 'Interieur-Furniture', NULL, NULL),
	(64, 'galley', NULL, 'galleys', NULL, 'http://www.dbis.cs.uni-frankfurt.de/cnt/id/galley_object', 'NauticalObject', 'Ship', 'ShipType'),
	(65, 'garment', NULL, 'garments', NULL, 'http://www.dbis.cs.uni-frankfurt.de/cnt/id/garment_object', 'Clothing', NULL, NULL),
	(66, 'gate', NULL, 'gates', NULL, 'http://www.dbis.cs.uni-frankfurt.de/cnt/id/gate_object', 'Architecture', NULL, NULL),
	(67, 'globe', NULL, 'globus, globes, globi', NULL, 'http://www.dbis.cs.uni-frankfurt.de/cnt/id/globe_object', 'Tools', NULL, NULL),
	(68, 'gold', NULL, NULL, NULL, 'http://www.dbis.cs.uni-frankfurt.de/cnt/id/gold_object', 'Metal', NULL, NULL),
	(69, 'gorgoneion', 'Zierelement: abgeschlagens Haupt der Gorgo Medusa', 'gorgoneia, gorgon', NULL, 'http://www.dbis.cs.uni-frankfurt.de/cnt/id/gorgoneion_object', 'Architecture', 'ArchitecturalElements', 'ArchitecturalOrnaments'),
	(70, 'hair bunch', NULL, 'hair bunches', NULL, 'http://www.dbis.cs.uni-frankfurt.de/cnt/id/hair_bunch_object', 'BodyParts', 'Head', NULL),
	(71, 'hair knot', NULL, 'hair knots', NULL, 'http://www.dbis.cs.uni-frankfurt.de/cnt/id/hair_knot_object', 'BodyParts', 'Head', NULL),
	(72, 'headdress', NULL, 'headdresses', NULL, 'http://www.dbis.cs.uni-frankfurt.de/cnt/id/headdress_object', 'Clothing', NULL, NULL),
	(73, 'helmet', NULL, 'helmets', NULL, 'http://www.dbis.cs.uni-frankfurt.de/cnt/id/helmet_object', 'Clothing', 'Headdress', NULL),
	(74, 'herm', 'Pfeilerschaft mit aufgesetzter Büste', 'herms', NULL, 'http://www.dbis.cs.uni-frankfurt.de/cnt/id/herm_object', 'Statues', NULL, NULL),
	(75, 'himation', 'Bürgermantel', 'himations, himatia', NULL, 'http://www.dbis.cs.uni-frankfurt.de/cnt/id/himation_object', 'Clothing', NULL, NULL),
	(76, 'hydria', 'Wassergefäß', 'hydriae, hydriai', NULL, 'http://www.dbis.cs.uni-frankfurt.de/cnt/id/hydria_object', 'Vessel-Jar', NULL, NULL),
	(77, 'ivy-wreath', NULL, 'ivy-wreaths', NULL, 'http://www.dbis.cs.uni-frankfurt.de/cnt/id/ivy_wreath_object', 'Clothing', 'Headdress', 'Wreath'),
	(78, 'jar', NULL, 'jars', NULL, 'http://www.dbis.cs.uni-frankfurt.de/cnt/id/jar_object', 'Vessel-Jar', NULL, NULL),
	(79, 'kalathos', 'Korb', 'kalathoi', NULL, 'http://www.dbis.cs.uni-frankfurt.de/cnt/id/kalathos_object', 'Vessel-Jar', NULL, NULL),
	(80, 'kline', 'Liege', 'klinai', NULL, 'http://www.dbis.cs.uni-frankfurt.de/cnt/id/kline_object', 'Interieur-Furniture', NULL, NULL),
	(81, 'krater', 'Weinmischgefäß', 'crater, craters', NULL, 'http://www.dbis.cs.uni-frankfurt.de/cnt/id/krater_object', 'Vessel-Jar', NULL, NULL),
	(82, 'ladder', NULL, 'ladders', NULL, 'http://www.dbis.cs.uni-frankfurt.de/cnt/id/ladder_object', 'Tools', NULL, NULL),
	(83, 'lance', NULL, 'lances', NULL, 'http://www.dbis.cs.uni-frankfurt.de/cnt/id/lance_object', 'Arms', NULL, NULL),
	(84, 'leash', NULL, 'leashes', NULL, 'http://www.dbis.cs.uni-frankfurt.de/cnt/id/leash_object', 'Tools', 'AnimalRestraints', NULL),
	(85, 'lion-skin', NULL, 'lion-skins', NULL, 'http://www.dbis.cs.uni-frankfurt.de/cnt/id/lion_skin_object', 'Clothing', NULL, NULL),
	(86, 'lyre', NULL, 'lyres', NULL, 'http://www.dbis.cs.uni-frankfurt.de/cnt/id/lyre_object', 'MusicalInstruments', NULL, NULL),
	(87, 'mitra', 'Kopfbedeckung', 'mitrae', NULL, 'http://www.dbis.cs.uni-frankfurt.de/cnt/id/mitra_object', 'Clothing', 'Headdress', NULL),
	(88, 'necklace', NULL, 'necklaces', NULL, 'http://www.dbis.cs.uni-frankfurt.de/cnt/id/necklace_object', 'Ornaments', 'Jewelery', NULL),
	(89, 'obelisk', 'Steinpfeiler', 'obelisks', NULL, 'http://www.dbis.cs.uni-frankfurt.de/cnt/id/obelisk_object', 'Architecture', NULL, NULL),
	(90, 'object', NULL, 'objects', NULL, 'http://www.dbis.cs.uni-frankfurt.de/cnt/id/object_object', 'Ocre_object', NULL, NULL),
	(91, 'omphalos', 'Stein, der den Nabel der Welt markiert (Delphi)', NULL, NULL, 'http://www.dbis.cs.uni-frankfurt.de/cnt/id/omphalos_object', 'Stone', NULL, NULL),
	(92, 'ore', NULL, 'ores', NULL, 'http://www.dbis.cs.uni-frankfurt.de/cnt/id/ore_object', 'Metal', NULL, NULL),
	(93, 'paludamentum', 'Feldherrenmantel', 'paludamenta', 'padulamentum', 'http://www.dbis.cs.uni-frankfurt.de/cnt/id/paludamentum_object', 'Clothing', NULL, NULL),
	(94, 'parazonium', 'Zierelement', 'parazonia', NULL, 'http://www.dbis.cs.uni-frankfurt.de/cnt/id/parazonium_object', 'Arms', NULL, NULL),
	(95, 'patera', 'Spendeschale', 'paterae, pateras', NULL, 'http://www.dbis.cs.uni-frankfurt.de/cnt/id/patera_object', 'Vessel-Jar', NULL, NULL),
	(96, 'pearl', NULL, 'pearls', NULL, 'http://www.dbis.cs.uni-frankfurt.de/cnt/id/pearl_object', 'Ornaments', 'Jewelery', NULL),
	(97, 'pediment', 'Giebel', 'pediments', NULL, 'http://www.dbis.cs.uni-frankfurt.de/cnt/id/pediment_object', 'Architecture', 'ArchitecturalElements', NULL),
	(98, 'pedum', 'Krummstab', 'peda', NULL, 'http://www.dbis.cs.uni-frankfurt.de/cnt/id/pedum_object', 'Bar', NULL, NULL),
	(99, 'pellet', NULL, 'pellets', NULL, 'http://www.dbis.cs.uni-frankfurt.de/cnt/id/pellet_object', 'Ornaments', NULL, NULL),
	(100, 'pelta', 'orientalischer Schild', 'peltas, peltae', NULL, 'http://www.dbis.cs.uni-frankfurt.de/cnt/id/pelta_object', 'Arms', NULL, NULL),
	(101, 'petasus', 'Sonnenhut', 'petasos, petasi, petasoi', NULL, 'http://www.dbis.cs.uni-frankfurt.de/cnt/id/petasus_object', 'Clothing', 'Headdress', NULL),
	(102, 'phallus', NULL, 'phalli, phalluses', NULL, 'http://www.dbis.cs.uni-frankfurt.de/cnt/id/phallus_object', 'BodyParts', NULL, NULL),
	(103, 'pilos', 'Kappe', 'piloi', NULL, 'http://www.dbis.cs.uni-frankfurt.de/cnt/id/pilos_object', 'Clothing', 'Headdress', NULL),
	(104, 'plectrum', NULL, 'plectra, plectrums', NULL, 'http://www.dbis.cs.uni-frankfurt.de/cnt/id/plectrum_object', 'MusicalInstruments', NULL, NULL),
	(105, 'plow', NULL, 'plows', NULL, 'http://www.dbis.cs.uni-frankfurt.de/cnt/id/plow_object', 'Tools', NULL, NULL),
	(106, 'polos', 'Kopfschmuck', 'poloi', NULL, 'http://www.dbis.cs.uni-frankfurt.de/cnt/id/polos_object', 'Clothing', 'Headdress', NULL),
	(107, 'pot', NULL, 'pots', NULL, 'http://www.dbis.cs.uni-frankfurt.de/cnt/id/pot_object', 'Vessel-Jar', NULL, NULL),
	(108, 'prize crown', NULL, 'prize crowns', NULL, 'http://www.dbis.cs.uni-frankfurt.de/cnt/id/prize_crown_object', 'Ornaments', 'Crown', NULL),
	(109, 'prora', 'Schiffsbug', 'prorae', NULL, 'http://www.dbis.cs.uni-frankfurt.de/cnt/id/prora_object', 'NauticalObject', 'Ship', 'ShipPart'),
	(110, 'prow', NULL, 'prows', NULL, 'http://www.dbis.cs.uni-frankfurt.de/cnt/id/prow_object', 'NauticalObject', 'Ship', 'ShipPart'),
	(111, 'purse', NULL, 'purses', NULL, 'http://www.dbis.cs.uni-frankfurt.de/cnt/id/purse_object', 'Tools', NULL, NULL),
	(112, 'quadriga', 'Streitwagen mit vier Pferden', 'quadrigae', NULL, 'http://www.dbis.cs.uni-frankfurt.de/cnt/id/quadriga_object', 'VehicelObjects', NULL, NULL),
	(113, 'quiver', NULL, 'quivers', NULL, 'http://www.dbis.cs.uni-frankfurt.de/cnt/id/quiver_object', 'Arms', NULL, NULL),
	(114, 'rein', NULL, 'reins', NULL, 'http://www.dbis.cs.uni-frankfurt.de/cnt/id/rein_object', 'Tools', 'AnimalRestraints', 'Harness'),
	(115, 'rhyton', 'hornförmiges Trinkgefäß', 'rhytons, rhyta', NULL, 'http://www.dbis.cs.uni-frankfurt.de/cnt/id/rhyton_object', 'Vessel-Jar', NULL, NULL),
	(116, 'ribbon', NULL, 'ribbons', NULL, 'http://www.dbis.cs.uni-frankfurt.de/cnt/id/ribbon_object', 'Ornaments', NULL, NULL),
	(117, 'robe', NULL, 'robes', NULL, 'http://www.dbis.cs.uni-frankfurt.de/cnt/id/robe_object', 'Clothing', NULL, NULL),
	(118, 'rock', NULL, 'rocks', NULL, 'http://www.dbis.cs.uni-frankfurt.de/cnt/id/rock_object', 'Stone', NULL, NULL),
	(119, 'roof', NULL, 'roofs', NULL, 'http://www.dbis.cs.uni-frankfurt.de/cnt/id/roof_object', 'Architecture', 'ArchitecturalElements', NULL),
	(120, 'rosette', NULL, 'rosettes', NULL, 'http://www.dbis.cs.uni-frankfurt.de/cnt/id/rosette_object', 'Architecture', 'ArchitecturalElements', 'ArchitecturalOrnaments'),
	(121, 'rudder', NULL, 'rudders', NULL, 'http://www.dbis.cs.uni-frankfurt.de/cnt/id/rudder_object', 'NauticalObject', 'Ship', 'ShipPart'),
	(122, 'sail', NULL, 'sails', NULL, 'http://www.dbis.cs.uni-frankfurt.de/cnt/id/sail_object', 'NauticalObject', 'Ship', 'ShipPart'),
	(123, 'scale', NULL, 'scales', NULL, 'http://www.dbis.cs.uni-frankfurt.de/cnt/id/scale_object', 'Tools', NULL, NULL),
	(124, 'scepter', NULL, 'sceptre, scepters, sceptres', 'scetpre', 'http://www.dbis.cs.uni-frankfurt.de/cnt/id/scepter_object', 'Bar', NULL, NULL),
	(125, 'scroll', NULL, 'scrolls', NULL, 'http://www.dbis.cs.uni-frankfurt.de/cnt/id/scroll_object', 'Tools', NULL, NULL),
	(126, 'serpent-staff', NULL, NULL, NULL, 'http://www.dbis.cs.uni-frankfurt.de/cnt/id/serpent_staff_object', 'Tools', 'Staff', NULL),
	(127, 'shield', NULL, 'shields', NULL, 'http://www.dbis.cs.uni-frankfurt.de/cnt/id/shield_object', 'Arms', NULL, NULL),
	(128, 'sistrum', 'Musikinstrument', 'sistrums, sistra', NULL, 'http://www.dbis.cs.uni-frankfurt.de/cnt/id/sistrum_object', 'MusicalInstruments', NULL, NULL),
	(129, 'situla', 'Gefäß', 'situlas, situlae', NULL, 'http://www.dbis.cs.uni-frankfurt.de/cnt/id/situla_object', 'Vessel-Jar', NULL, NULL),
	(130, 'spear', NULL, 'spears', 'spearight', 'http://www.dbis.cs.uni-frankfurt.de/cnt/id/spear_object', 'Arms', NULL, NULL),
	(131, 'staff', NULL, 'staffs', NULL, 'http://www.dbis.cs.uni-frankfurt.de/cnt/id/staff_object', 'Tools', NULL, NULL),
	(132, 'standard', NULL, 'standards', NULL, 'http://www.dbis.cs.uni-frankfurt.de/cnt/id/standard_object', 'Ornaments', NULL, NULL),
	(133, 'star', NULL, 'stars', NULL, 'http://www.dbis.cs.uni-frankfurt.de/cnt/id/star_object', 'Astrological', NULL, NULL),
	(134, 'statue', NULL, 'statues', NULL, 'http://www.dbis.cs.uni-frankfurt.de/cnt/id/statue_object', 'Statues', NULL, NULL),
	(135, 'statuette', NULL, 'statuettes', NULL, 'http://www.dbis.cs.uni-frankfurt.de/cnt/id/statuette_object', 'Statues', NULL, NULL),
	(136, 'stefane', 'Kopfschmuck', 'stephanos, stephane, stefanes, stephanoi, stephanes', NULL, 'http://www.dbis.cs.uni-frankfurt.de/cnt/id/stefane_object', 'Clothing', 'Headdress', NULL),
	(137, 'stern', NULL, 'sterns', NULL, 'http://www.dbis.cs.uni-frankfurt.de/cnt/id/stern_object', 'NauticalObject', 'Ship', 'ShipPart'),
	(138, 'stone', NULL, 'stones', NULL, 'http://www.dbis.cs.uni-frankfurt.de/cnt/id/stone_object', 'Stone', NULL, NULL),
	(139, 'strap', NULL, 'straps', NULL, 'http://www.dbis.cs.uni-frankfurt.de/cnt/id/strap_object', 'Tools', NULL, NULL),
	(140, 'sun', NULL, 'suns', NULL, 'http://www.dbis.cs.uni-frankfurt.de/cnt/id/sun_object', 'Astrological', NULL, NULL),
	(141, 'sword', NULL, 'swords', NULL, 'http://www.dbis.cs.uni-frankfurt.de/cnt/id/sword_object', 'Arms', NULL, NULL),
	(142, 'table', NULL, 'tables', NULL, 'http://www.dbis.cs.uni-frankfurt.de/cnt/id/table_object', 'Interieur-Furniture', NULL, NULL),
	(143, 'taenia', 'Binde', 'teniae', NULL, 'http://www.dbis.cs.uni-frankfurt.de/cnt/id/taenia_object', 'Ornaments', NULL, NULL),
	(144, 'temple', NULL, 'temples', NULL, 'http://www.dbis.cs.uni-frankfurt.de/cnt/id/temple_object', 'Architecture', NULL, NULL),
	(145, 'throne', NULL, 'thrones', NULL, 'http://www.dbis.cs.uni-frankfurt.de/cnt/id/throne_object', 'Interieur-Furniture', NULL, NULL),
	(146, 'thunderbolt', NULL, 'thunderbolts', 'thunderbold', 'http://www.dbis.cs.uni-frankfurt.de/cnt/id/thunderbolt_object', 'Astrological', NULL, NULL),
	(147, 'thymiaterion', 'Räuchergefäß', 'thymateria', NULL, 'http://www.dbis.cs.uni-frankfurt.de/cnt/id/thymiaterion_object', 'Vessel-Jar', NULL, NULL),
	(148, 'thyrsus', 'pflanzlicher Stab des Dionysos und seiner Begleiter', 'thyrsos, thyrsi, thyrsoi', NULL, 'http://www.dbis.cs.uni-frankfurt.de/cnt/id/thyrsus_object', 'Bar', NULL, NULL),
	(149, 'toga', 'Gewand römischer männlicher Bürger', 'togas, togae', NULL, 'http://www.dbis.cs.uni-frankfurt.de/cnt/id/toga_object', 'Clothing', NULL, NULL),
	(150, 'torch', NULL, 'torches', NULL, 'http://www.dbis.cs.uni-frankfurt.de/cnt/id/torch_object', 'Tools', NULL, NULL),
	(151, 'tower', NULL, 'towers', NULL, 'http://www.dbis.cs.uni-frankfurt.de/cnt/id/tower_object', 'Architecture', NULL, NULL),
	(152, 'trident', NULL, 'tridents', NULL, 'http://www.dbis.cs.uni-frankfurt.de/cnt/id/trident_object', 'Arms', NULL, NULL),
	(153, 'tripod', 'Dreifuß', 'tripods', NULL, 'http://www.dbis.cs.uni-frankfurt.de/cnt/id/tripod_object', 'Interieur-Furniture', NULL, NULL),
	(154, 'tropaion', 'Siegeszeichen', 'tropaions, tropaia', NULL, 'http://www.dbis.cs.uni-frankfurt.de/cnt/id/tropaion_object', 'Architecture', NULL, NULL),
	(155, 'trophy', NULL, 'trophies', NULL, 'http://www.dbis.cs.uni-frankfurt.de/cnt/id/trophy_object', 'Architecture', NULL, NULL),
	(156, 'tympanon', 'Musikinstrument (Handtrommel)', 'tympanum, tympana', NULL, 'http://www.dbis.cs.uni-frankfurt.de/cnt/id/tympanon_object', 'MusicalInstruments', NULL, NULL),
	(157, 'urn', NULL, 'urns', NULL, 'http://www.dbis.cs.uni-frankfurt.de/cnt/id/urn_object', 'Vessel-Jar', NULL, NULL),
	(158, 'veil', NULL, 'veils', NULL, 'http://www.dbis.cs.uni-frankfurt.de/cnt/id/veil_object', 'Clothing', NULL, NULL),
	(159, 'vessel', NULL, 'vessels', NULL, 'http://www.dbis.cs.uni-frankfurt.de/cnt/id/vessel_object', 'Vessel-Jar', NULL, NULL),
	(160, 'vexillum', 'Feldzeichen', 'vexilla', NULL, 'http://www.dbis.cs.uni-frankfurt.de/cnt/id/vexillum_object', 'Ornaments', NULL, NULL),
	(161, 'water-urn', NULL, 'water-urns', NULL, 'http://www.dbis.cs.uni-frankfurt.de/cnt/id/water_urn_object', 'Vessel-Jar', NULL, NULL),
	(162, 'wheel', NULL, 'wheels', NULL, 'http://www.dbis.cs.uni-frankfurt.de/cnt/id/wheel_object', 'VehicelObjects', NULL, NULL),
	(163, 'whip', NULL, 'whips', NULL, 'http://www.dbis.cs.uni-frankfurt.de/cnt/id/whip_object', 'Tools', NULL, NULL),
	(164, 'wine-skin', NULL, 'wine-skins', NULL, 'http://www.dbis.cs.uni-frankfurt.de/cnt/id/wine_skin_object', 'Vessel-Jar', NULL, NULL),
	(165, 'wreath', NULL, 'wreaths', NULL, 'http://www.dbis.cs.uni-frankfurt.de/cnt/id/wreath_object', 'Clothing', 'Headdress', NULL),
	(166, 'zodiac', NULL, 'zodiacs', NULL, 'http://www.dbis.cs.uni-frankfurt.de/cnt/id/zodiac_object', 'Astrological', NULL, NULL),
	(167, 'discus', NULL, NULL, NULL, 'http://www.dbis.cs.uni-frankfurt.de/cnt/id/discus_object', 'Tools', NULL, NULL),
	(169, 'chair', 'aus OCRE', 'chairs', NULL, 'http://www.dbis.cs.uni-frankfurt.de/cnt/id/chair_object', 'Interieur-Furniture', NULL, NULL),
	(171, 'branch', 'aus OCRE', 'branches', NULL, 'http://www.dbis.cs.uni-frankfurt.de/cnt/id/branch_object', 'Ornaments', NULL, NULL),
	(176, 'palladium', 'aus OCRE', NULL, NULL, 'http://www.dbis.cs.uni-frankfurt.de/cnt/id/palladium_object', 'Statues', NULL, NULL),
	(177, 'aquila', 'aus OCRE', 'Aquila', NULL, 'http://www.dbis.cs.uni-frankfurt.de/cnt/id/aquila_object', 'Ornaments', NULL, NULL),
	(178, 'javelin', 'aus OCRE', 'javelins', NULL, 'http://www.dbis.cs.uni-frankfurt.de/cnt/id/javelin_object', 'Arms', NULL, NULL),
	(184, 'platform', 'aus OCRE', 'platforms', NULL, 'http://www.dbis.cs.uni-frankfurt.de/cnt/id/platform_object', 'Architecture', NULL, NULL),
	(185, 'abacus', 'aus OCRE', NULL, NULL, 'http://www.dbis.cs.uni-frankfurt.de/cnt/id/abacus_object', 'Tools', NULL, NULL),
	(186, 'wand', 'aus OCRE', 'wands', NULL, 'http://www.dbis.cs.uni-frankfurt.de/cnt/id/wand_object', 'Ornaments', NULL, NULL),
	(188, 'roll', 'aus OCRE', 'rolls', NULL, 'http://www.dbis.cs.uni-frankfurt.de/cnt/id/roll_object', 'Tools', NULL, NULL),
	(189, 'breast', 'aus OCRE', 'breasts', NULL, 'http://www.dbis.cs.uni-frankfurt.de/cnt/id/breast_object', 'BodyParts', NULL, NULL),
	(201, 'oar', 'aus OCRE', 'oars', NULL, 'http://www.dbis.cs.uni-frankfurt.de/cnt/id/oar_object', 'Ornaments', NULL, NULL),
	(203, 'pileus', 'aus OCRE', NULL, NULL, 'http://www.dbis.cs.uni-frankfurt.de/cnt/id/pileus_object', 'Clothing', 'Headdress', NULL),
	(204, 'simpulum', 'aus OCRE', NULL, NULL, 'http://www.dbis.cs.uni-frankfurt.de/cnt/id/simpulum_object', 'SacrificialImplements', NULL, NULL),
	(206, 'bar', 'aus OCRE', 'bars', NULL, 'http://www.dbis.cs.uni-frankfurt.de/cnt/id/bar_object', 'Bar', NULL, NULL),
	(207, 'stick', 'aus OCRE', 'sticks', NULL, 'http://www.dbis.cs.uni-frankfurt.de/cnt/id/stick_object', 'Bar', NULL, NULL),
	(208, 'syrinx', 'aus OCRE', NULL, NULL, 'http://www.dbis.cs.uni-frankfurt.de/cnt/id/syrinx_object', 'MusicalInstruments', NULL, NULL),
	(209, 'bisellium', 'aus OCRE', NULL, NULL, 'http://www.dbis.cs.uni-frankfurt.de/cnt/id/bisellium_object', 'Interieur-Furniture', NULL, NULL),
	(210, 'stephane', 'aus OCRE', NULL, NULL, 'http://www.dbis.cs.uni-frankfurt.de/cnt/id/stephane_object', 'Ornaments', NULL, NULL),
	(214, 'tessera', 'aus OCRE', 'tesserae', NULL, 'http://www.dbis.cs.uni-frankfurt.de/cnt/id/tessera_object', 'Tools', NULL, NULL),
	(216, 'tunic', 'aus OCRE', 'tunics, tunica', NULL, 'http://www.dbis.cs.uni-frankfurt.de/cnt/id/tunic_object', 'Clothing', NULL, NULL),
	(221, 'acrostolium', 'aus OCRE', 'acrostolia', NULL, 'http://www.dbis.cs.uni-frankfurt.de/cnt/id/acrostolium_object', 'NauticalObject', 'Ship', 'ShipPart'),
	(224, 'modius', 'aus OCRE', NULL, NULL, 'http://www.dbis.cs.uni-frankfurt.de/cnt/id/modius_object', 'Vessel-Jar', NULL, NULL),
	(235, 'distaff', 'aus OCRE', NULL, NULL, 'http://www.dbis.cs.uni-frankfurt.de/cnt/id/distaff_object', 'Tools', NULL, NULL),
	(236, 'weapon', 'aus OCRE', 'weapons', NULL, 'http://www.dbis.cs.uni-frankfurt.de/cnt/id/weapon_object', 'Arms', NULL, NULL),
	(245, 'bag', 'aus OCRE', 'bags', NULL, 'http://www.dbis.cs.uni-frankfurt.de/cnt/id/bag_object', 'Vessel-Jar', NULL, NULL),
	(246, 'head', 'aus OCRE', 'heads', NULL, 'http://www.dbis.cs.uni-frankfurt.de/cnt/id/head_object', 'BodyParts', NULL, NULL),
	(248, 'sickle', 'aus OCRE', 'sickles', NULL, 'http://www.dbis.cs.uni-frankfurt.de/cnt/id/sickle_object', 'Tools', NULL, NULL),
	(255, 'board', 'aus OCRE', 'boards', NULL, 'http://www.dbis.cs.uni-frankfurt.de/cnt/id/board_object', 'Tools', NULL, NULL),
	(258, 'tablet', 'aus OCRE', 'tablets', NULL, 'http://www.dbis.cs.uni-frankfurt.de/cnt/id/tablet_object', 'Ornaments', NULL, NULL),
	(262, 'coil', 'aus OCRE', 'coils', NULL, 'http://www.dbis.cs.uni-frankfurt.de/cnt/id/coil_object', 'BodyParts', NULL, NULL),
	(263, 'fillet', 'aus OCRE', 'fillets', NULL, 'http://www.dbis.cs.uni-frankfurt.de/cnt/id/fillet_object', 'Ornaments', NULL, NULL),
	(267, 'vase', 'aus OCRE', 'vases', NULL, 'http://www.dbis.cs.uni-frankfurt.de/cnt/id/vase_object', 'Vessel-Jar', NULL, NULL),
	(268, 'baton', 'aus OCRE', 'batons', NULL, 'http://www.dbis.cs.uni-frankfurt.de/cnt/id/baton_object', 'Bar', NULL, NULL),
	(269, 'jaw', 'aus OCRE', 'jaws', NULL, 'http://www.dbis.cs.uni-frankfurt.de/cnt/id/jaw_object', 'BodyParts', NULL, NULL),
	(272, 'knee', 'aus OCRE', 'knees', NULL, 'http://www.dbis.cs.uni-frankfurt.de/cnt/id/knee_object', 'BodyParts', NULL, NULL),
	(274, 'box', 'aus OCRE', 'boxes', NULL, 'http://www.dbis.cs.uni-frankfurt.de/cnt/id/box_object', 'Vessel-Jar', NULL, NULL),
	(280, 'pyre', 'aus OCRE', 'pyres', NULL, 'http://www.dbis.cs.uni-frankfurt.de/cnt/id/pyre_object', 'Architecture', NULL, NULL),
	(281, 'ensign', 'aus OCRE', 'ensigns', NULL, 'http://www.dbis.cs.uni-frankfurt.de/cnt/id/ensign_object', 'Ornaments', NULL, NULL),
	(282, 'pincers', 'aus OCRE', NULL, NULL, 'http://www.dbis.cs.uni-frankfurt.de/cnt/id/pincers_object', 'Tools', NULL, NULL),
	(283, 'bipennis', 'aus OCRE', NULL, NULL, 'http://www.dbis.cs.uni-frankfurt.de/cnt/id/bipennis_object', 'Arms', 'Ax', NULL),
	(284, 'compasses', 'aus OCRE', NULL, NULL, 'http://www.dbis.cs.uni-frankfurt.de/cnt/id/compasses_object', 'Tools', NULL, NULL),
	(286, 'mappa', 'aus OCRE', NULL, NULL, 'http://www.dbis.cs.uni-frankfurt.de/cnt/id/mappa_object', 'Ornaments', NULL, NULL),
	(288, 'trabea', 'aus OCRE', NULL, NULL, 'http://www.dbis.cs.uni-frankfurt.de/cnt/id/trabea_object', 'Clothing', NULL, NULL),
	(289, 'shrine', 'aus OCRE', 'shrines', NULL, 'http://www.dbis.cs.uni-frankfurt.de/cnt/id/shrine_object', 'Architecture', NULL, NULL),
	(295, 'banner', 'aus OCRE', 'banners', NULL, 'http://www.dbis.cs.uni-frankfurt.de/cnt/id/banner_object', 'Ornaments', NULL, NULL),
	(296, 'crook', 'aus OCRE', 'crooks', NULL, 'http://www.dbis.cs.uni-frankfurt.de/cnt/id/crook_object', 'Bar', NULL, NULL),
	(299, 'bucket', 'aus OCRE', 'buckets', NULL, 'http://www.dbis.cs.uni-frankfurt.de/cnt/id/bucket_object', 'Vessel-Jar', NULL, NULL),
	(301, 'tensa', 'aus OCRE', NULL, NULL, 'http://www.dbis.cs.uni-frankfurt.de/cnt/id/tensa_object', 'VehicelObjects', NULL, NULL),
	(303, 'cross', 'aus OCRE', 'crosses', NULL, 'http://www.dbis.cs.uni-frankfurt.de/cnt/id/cross_object', 'Ornaments', NULL, NULL),
	(304, 'step', 'aus OCRE', 'steps', NULL, 'http://www.dbis.cs.uni-frankfurt.de/cnt/id/step_object', 'Interieur-Furniture', NULL, NULL),
	(305, 'dagger', 'aus OCRE', 'daggers', NULL, 'http://www.dbis.cs.uni-frankfurt.de/cnt/id/dagger_object', 'Arms', NULL, NULL),
	(306, 'mattock', 'aus OCRE', 'mattocks', NULL, 'http://www.dbis.cs.uni-frankfurt.de/cnt/id/mattock_object', 'Tools', NULL, NULL),
	(311, 'mausoleum', 'aus OCRE', 'Mausoleum', NULL, 'http://www.dbis.cs.uni-frankfurt.de/cnt/id/mausoleum_object', 'Architecture', NULL, NULL),
	(312, 'lituus', 'aus OCRE', NULL, NULL, 'http://www.dbis.cs.uni-frankfurt.de/cnt/id/lituus_object', 'SacrificialImplements', NULL, NULL),
	(313, 'Coliseum', 'aus OCRE', 'Colosseum', NULL, 'http://www.dbis.cs.uni-frankfurt.de/cnt/id/Coliseum_object', 'Architecture', NULL, NULL),
	(314, 'sprinkler', 'aus OCRE', 'sprinklers', NULL, 'http://www.dbis.cs.uni-frankfurt.de/cnt/id/sprinkler_object', 'SacrificialImplements', NULL, NULL),
	(315, 'Chi-Rho', 'aus OCRE', NULL, NULL, 'http://www.dbis.cs.uni-frankfurt.de/cnt/id/Chi-Rho_object', 'Ornaments', NULL, NULL);
/*!40000 ALTER TABLE `nlp_list_obj` ENABLE KEYS */;

-- Exportiere Struktur von Tabelle thrakien_cnt.nlp_list_person
CREATE TABLE IF NOT EXISTS `nlp_list_person` (
  `id` int(11) NOT NULL AUTO_INCREMENT,
  `name` varchar(100) DEFAULT NULL,
  `description` varchar(800) DEFAULT NULL,
  `alternativenames` varchar(2000) DEFAULT NULL,
  `typos` varchar(250) DEFAULT NULL,
  `link` varchar(200) DEFAULT NULL,
  `related` varchar(200) DEFAULT NULL,
  `Cat_I` varchar(50) DEFAULT NULL,
  `Cat_II` varchar(50) DEFAULT NULL,
  `Cat_III` varchar(50) DEFAULT NULL,
  `Cat_IV` varchar(50) DEFAULT NULL,
  `Cat_V` varchar(50) DEFAULT NULL,
  PRIMARY KEY (`id`)
) ENGINE=InnoDB AUTO_INCREMENT=465 DEFAULT CHARSET=utf8;

-- Exportiere Daten aus Tabelle thrakien_cnt.nlp_list_person: ~359 rows (ungefähr)
/*!40000 ALTER TABLE `nlp_list_person` DISABLE KEYS */;
INSERT INTO `nlp_list_person` (`id`, `name`, `description`, `alternativenames`, `typos`, `link`, `related`, `Cat_I`, `Cat_II`, `Cat_III`, `Cat_IV`, `Cat_V`) VALUES
	(1, 'Agrippina minor', 'minor = die Jüngere', 'Agrippina the Younger, agrippina_ii', NULL, 'http://nomisma.org/id/agrippina_ii', NULL, 'Female', 'Human', 'Emperor', 'Julio-ClaudianDynasty', NULL),
	(2, 'Agrippina maior', 'maior = die Ältere', 'Agrippina the Elder, agrippina_i', NULL, 'http://nomisma.org/id/agrippina_i', NULL, 'Female', 'Human', 'Emperor', 'Julio-ClaudianDynasty', NULL),
	(3, 'Alexander III', 'der Große', 'Alexander the Great, Alexander III.', NULL, 'http://nomisma.org/id/alexander_iii', NULL, 'Male', 'Human', 'King', 'Hellenistic', 'ArgeadDynasty'),
	(4, 'Anchialos', NULL, NULL, NULL, 'http://www.dbis.cs.uni-frankfurt.de/cnt/id/anchialos_person', NULL, 'Male', 'Heroes', 'CityFounder', NULL, NULL),
	(5, 'Andromeda', NULL, NULL, NULL, 'http://www.dbis.cs.uni-frankfurt.de/cnt/id/andromeda_person', NULL, 'Female', 'MythologicalFigures', NULL, NULL, NULL),
	(6, 'Antiochus I Soter', 'Soter = der Retter', 'Antiochus I. Soter, Antiochos I. Soter', NULL, 'http://nomisma.org/id/antiochus_i', NULL, 'Male', 'Human', 'King', 'Hellenistic', 'Seleucides'),
	(7, 'Antiochus II Theos', 'Theos = der Gott', 'Antiochus II. Theos, Antiochos I. Theos', NULL, 'http://www.dbis.cs.uni-frankfurt.de/cnt/id/antiochus_II_Theos_person', NULL, 'Male', 'Human', 'King', 'Hellenistic', 'Seleucides'),
	(8, 'Antoninus Pius', 'Pius = der Fromme', 'Antoninus, antoninus_pius', NULL, 'http://nomisma.org/id/antoninus_pius', NULL, 'Male', 'Human', 'Emperor', 'AntonineDynasty', NULL),
	(9, 'Anubis', NULL, NULL, NULL, 'http://www.dbis.cs.uni-frankfurt.de/cnt/id/anubis_person', NULL, 'Male', 'Deities', 'Egyptian', 'Other', NULL),
	(10, 'Aphrodite', NULL, NULL, NULL, 'https://public.researchspace.org/resource/?uri=http://collection.britishmuseum.org/id/person-institution/56979', 'Venus', 'Female', 'Deities', 'Greek', 'Olympic', NULL),
	(11, 'Apis', NULL, NULL, NULL, 'http://www.dbis.cs.uni-frankfurt.de/cnt/id/apis_person', NULL, 'Male', 'Deities', 'Egyptian', 'Other', NULL),
	(12, 'Apollo', 'Citharoedus = Kitharaspieler -> Musikinstrument: eine Art Leier. Karinos = Bedeutung nicht klar', 'Apollo Citharoedus, Apollo Karinos, Apollo Sauroctonos, Apollon Kitharoedus, Apollo Citharede', 'Apollo Sauroktonos', 'https://public.researchspace.org/resource/?uri=http://collection.britishmuseum.org/id/person-institution/56988', 'Apollon', 'Male', 'Deities', 'Roman', 'Olympic', NULL),
	(13, 'Ares', NULL, NULL, NULL, 'https://public.researchspace.org/resource/?uri=http://collection.britishmuseum.org/id/person-institution/59284', 'Mars', 'Male', 'Deities', 'Greek', 'Olympic', NULL),
	(14, 'Ariadne', NULL, NULL, NULL, 'https://public.researchspace.org/resource/?uri=http://collection.britishmuseum.org/id/person-institution/57016', NULL, 'Female', 'MythologicalFigures', NULL, NULL, NULL),
	(15, 'Artemis', 'Tauropolos = Stierreiterin oder bezieht sich nur auf Stadt Tauris. Phosphoros = die Fackelträgerin', 'Artemis Tauropolos, Artemis Phosphoros', NULL, 'https://public.researchspace.org/resource/?uri=http://collection.britishmuseum.org/id/person-institution/57039', 'Diana', 'Female', 'Deities', 'Greek', 'Olympic', NULL),
	(16, 'Asclepius', NULL, 'Asklepios', NULL, 'https://public.researchspace.org/resource/?uri=http://collection.britishmuseum.org/id/person-institution/57049', NULL, 'Male', 'Deities', 'Greek-Roman', 'Other', NULL),
	(17, 'Athena', 'Athena Nikephoros, Athena Promachos', 'Athena Nikephoros, Athena Promachos', NULL, 'https://public.researchspace.org/resource/?uri=http://collection.britishmuseum.org/id/person-institution/57060', 'Minerva', 'Female', 'Deities', 'Greek', 'Olympic', NULL),
	(18, 'Attis', NULL, NULL, NULL, 'http://www.dbis.cs.uni-frankfurt.de/cnt/id/attis_person', NULL, 'Male', 'MythologicalFigures', NULL, NULL, NULL),
	(19, 'Augustus', NULL, 'Octavian', NULL, 'http://nomisma.org/id/augustus', NULL, 'Male', 'Human', 'Emperor', 'Julio-ClaudianDynasty', NULL),
	(20, 'Bacchus', NULL, NULL, NULL, 'https://public.researchspace.org/resource/?uri=http://collection.britishmuseum.org/id/person-institution/57949', 'Dionysus', 'Male', 'Deities', 'Roman', 'Olympic', NULL),
	(21, 'Bonus Eventus', 'Bonus Eventus = glücklicher Ausgang', NULL, NULL, 'https://public.researchspace.org/resource/?uri=http://collection.britishmuseum.org/id/person-institution/57291', NULL, 'Male', 'Deities', 'Roman', 'Other', NULL),
	(22, 'Britannicus', NULL, NULL, NULL, 'http://nomisma.org/id/britannicus', NULL, 'Male', 'Human', 'EmperorsFamily', 'Julio-ClaudianDynasty', NULL),
	(23, 'Byzas', NULL, NULL, NULL, 'http://www.dbis.cs.uni-frankfurt.de/cnt/id/byzas_person', NULL, 'Male', 'Heroes', 'CityFounder', NULL, NULL),
	(24, 'Caligula', NULL, NULL, NULL, 'http://nomisma.org/id/gaius', NULL, 'Male', 'Human', 'Emperor', 'Julio-ClaudianDynasty', NULL),
	(25, 'Capaneus', NULL, 'Kapaneus', NULL, 'http://www.dbis.cs.uni-frankfurt.de/cnt/id/capaneus_person', NULL, 'Male', 'Heroes', 'Greek', NULL, NULL),
	(26, 'Caracalla', NULL, NULL, NULL, 'http://nomisma.org/id/caracalla', NULL, 'Male', 'Human', 'Emperor', 'SeveranDynasty', NULL),
	(27, 'Castor', NULL, 'Kastor', NULL, 'http://www.dbis.cs.uni-frankfurt.de/cnt/id/castor_person', 'Dioscur', 'Male', 'Deities', 'Greek-Roman', 'Other', NULL),
	(28, 'Ceres', NULL, NULL, NULL, 'https://public.researchspace.org/resource/?uri=http://collection.britishmuseum.org/id/person-institution/57930', 'Demeter', 'Female', 'Deities', 'Roman', 'Olympic', NULL),
	(29, 'Claudius', NULL, NULL, NULL, 'http://nomisma.org/id/claudius', NULL, 'Male', 'Human', 'Emperor', 'Julio-ClaudianDynasty', NULL),
	(30, 'Clodius Albinus', 'Albinus = keine besondere Bedeutung', NULL, NULL, 'http://nomisma.org/id/clodius_albinus', NULL, 'Male', 'Human', 'Usurper', NULL, NULL),
	(31, 'Commodus', NULL, NULL, NULL, 'http://nomisma.org/id/commodus', NULL, 'Male', 'Human', 'Emperor', 'AntonineDynasty', NULL),
	(33, 'Crispina', NULL, 'Krispina', NULL, 'http://nomisma.org/id/crispina', NULL, 'Female', 'Human', 'Emperor', 'AntonineDynasty', NULL),
	(34, 'Cupid', NULL, NULL, NULL, 'https://public.researchspace.org/resource/?uri=http://collection.britishmuseum.org/id/person-institution/57655', 'Eros', 'Male', 'Deities', 'Roman', 'Other', NULL),
	(35, 'Cybele', NULL, NULL, NULL, 'https://public.researchspace.org/resource/?uri=http://collection.britishmuseum.org/id/person-institution/57657', 'Kybele', 'Female', 'Deities', 'Greek', 'Other', NULL),
	(36, 'Demeter', NULL, NULL, NULL, 'https://public.researchspace.org/resource/?uri=http://collection.britishmuseum.org/id/person-institution/57930', 'Ceres', 'Female', 'Deities', 'Greek', 'Olympic', NULL),
	(37, 'Demos', NULL, NULL, NULL, 'http://www.dbis.cs.uni-frankfurt.de/cnt/id/demos_person', NULL, 'Male', 'CivicInstitutions', 'Greek-Roman', NULL, NULL),
	(38, 'Diadumenian', NULL, 'Diadumenianus', NULL, 'http://nomisma.org/id/diadumenian', NULL, 'Male', 'Human', 'Emperor', 'BarracksEmperors', NULL),
	(39, 'Diana', NULL, 'Diana Lucifera', NULL, 'https://public.researchspace.org/resource/?uri=http://collection.britishmuseum.org/id/person-institution/57039', 'Artemis', 'Female', 'Deities', 'Roman', 'Olympic', NULL),
	(40, 'Dicaeosyne', NULL, 'Dicaiosyne, Dikaiosyne', NULL, 'http://www.dbis.cs.uni-frankfurt.de/cnt/id/dicaeosyne_person', NULL, 'Female', 'Deities', 'Greek', 'Personification', NULL),
	(41, 'Diomedes', NULL, NULL, NULL, 'http://www.dbis.cs.uni-frankfurt.de/cnt/id/diomedes_person', NULL, 'Male', 'Heroes', 'Greek', NULL, NULL),
	(42, 'Dionysus', NULL, 'Dionysos', NULL, 'https://public.researchspace.org/resource/?uri=http://collection.britishmuseum.org/id/person-institution/57949', 'Bacchus', 'Male', 'Deities', 'Greek', 'Olympic', NULL),
	(43, 'Dioscur', NULL, 'Dioscuri', NULL, 'https://public.researchspace.org/resource/?uri=http://collection.britishmuseum.org/id/person-institution/57951', 'Kastor, Pollux, Polydeuces', 'Male', 'Deities', 'Greek-Roman', 'Other', NULL),
	(44, 'Domitian', NULL, 'Domitianus', NULL, 'http://nomisma.org/id/domitian', NULL, 'Male', 'Human', 'Emperor', 'FlavianDynasty', NULL),
	(45, 'Earth', NULL, 'Gaia, Ge', NULL, 'http://www.dbis.cs.uni-frankfurt.de/cnt/id/earth_person', NULL, 'Female', 'Deities', 'Greek-Roman', 'Other', NULL),
	(46, 'Eirene', NULL, NULL, NULL, 'http://www.dbis.cs.uni-frankfurt.de/cnt/id/eirene_person', 'Pax', 'Female', 'Deities', 'Greek', 'Other', NULL),
	(47, 'Elagabalus', NULL, 'Elagabal', NULL, 'http://nomisma.org/id/elagabalus', NULL, 'Male', 'Human', 'Emperor', 'SeveranDynasty', NULL),
	(48, 'Eros', NULL, NULL, NULL, 'https://public.researchspace.org/resource/?uri=http://collection.britishmuseum.org/id/person-institution/57655', 'Cupid', 'Male', 'Deities', 'Greek', 'Other', NULL),
	(49, 'Europa', NULL, NULL, NULL, 'http://www.dbis.cs.uni-frankfurt.de/cnt/id/europa_person', NULL, 'Female', 'MythologicalFigures', 'Greek-Roman', NULL, NULL),
	(50, 'Eurystheus', NULL, NULL, NULL, 'http://www.dbis.cs.uni-frankfurt.de/cnt/id/eurystheus_person', NULL, 'Male', 'MythologicalFigures', 'Greek', NULL, NULL),
	(51, 'Faustina Maior', 'Maior = die Ältere', 'Faustina the Elder, Faustina I, faustina_i', NULL, 'http://nomisma.org/id/faustina_i', NULL, 'Female', 'Human', 'Emperor', 'AntonineDynasty', NULL),
	(52, 'Faustina Minor', 'Minor = die Jüngere', 'Faustina the Younger, Faustina II, faustina_ii', NULL, 'http://nomisma.org/id/faustina_ii', NULL, 'Female', 'Human', 'Emperor', 'AntonineDynasty', NULL),
	(53, 'Gallienus', NULL, 'Gallien', NULL, 'http://nomisma.org/id/gallienus', NULL, 'Male', 'Human', 'Emperor', 'BarracksEmperors', NULL),
	(54, 'Genius', NULL, '58396', NULL, 'https://public.researchspace.org/resource/?uri=http://collection.britishmuseum.org/id/person-institution/58396', NULL, 'Male', 'Deities', 'Roman', 'Other', NULL),
	(55, 'Geta', NULL, NULL, NULL, 'http://nomisma.org/id/geta', NULL, 'Male', 'Human', 'Emperor', 'SeveranDynasty', NULL),
	(56, 'Gordian', NULL, 'Gordian III, Gordian III., gordian_iii', NULL, 'http://nomisma.org/id/gordian_iii', NULL, 'Male', 'Human', 'Emperor', 'BarracksEmperors', 'GordianDynasty'),
	(57, 'Gorgo', NULL, 'Gorgone', NULL, 'http://www.dbis.cs.uni-frankfurt.de/cnt/id/gorgo_person', NULL, 'Female', 'MythologicalFigures', 'Greek-Roman', NULL, NULL),
	(59, 'Hades', NULL, 'Hades-Serapis', NULL, 'https://public.researchspace.org/resource/?uri=http://collection.britishmuseum.org/id/person-institution/59809', 'Pluto', 'Male', 'Deities', 'Greek', 'Underworld', 'Olympic'),
	(60, 'Hadrian', NULL, NULL, NULL, 'http://nomisma.org/id/hadrian', NULL, 'Male', 'Human', 'Emperor', 'AdoptiveEmperors', NULL),
	(61, 'Harpocrates', NULL, 'Harpokrates', NULL, 'http://www.dbis.cs.uni-frankfurt.de/cnt/id/harpocrates_person', NULL, 'Male', 'Deities', 'Egyptian', 'Other', NULL),
	(62, 'Hebros', NULL, 'Hebrus', NULL, 'http://www.dbis.cs.uni-frankfurt.de/cnt/id/hebros_person', NULL, 'Male', 'Deities', 'Greek', 'RiverGod', NULL),
	(63, 'Helios', NULL, NULL, NULL, 'https://public.researchspace.org/resource/?uri=http://collection.britishmuseum.org/id/person-institution/58616', NULL, 'Male', 'Deities', 'Greek', 'Other', NULL),
	(64, 'Hephaestos', NULL, 'Hephaistus', NULL, 'https://public.researchspace.org/resource/?uri=http://collection.britishmuseum.org/id/person-institution/58623', 'Vulcanus', 'Male', 'Deities', 'Greek', 'Olympic', NULL),
	(65, 'Hera', NULL, NULL, NULL, 'https://public.researchspace.org/resource/?uri=http://collection.britishmuseum.org/id/person-institution/58624', 'Juno', 'Female', 'Deities', 'Greek', 'Olympic', NULL),
	(66, 'Heracles', NULL, 'Herakles, Hercules', NULL, 'https://public.researchspace.org/resource/?uri=http://collection.britishmuseum.org/id/person-institution/58628', NULL, 'Male', 'Heroes', 'Greek-Roman', NULL, NULL),
	(67, 'Hermes', 'Perpheraios = der Wanderer', 'Hermes Perpheraios', NULL, 'https://public.researchspace.org/resource/?uri=http://collection.britishmuseum.org/id/person-institution/58637', 'Mercury', 'Male', 'Deities', 'Greek', 'Olympic', NULL),
	(68, 'Hippolyte', NULL, NULL, NULL, 'http://www.dbis.cs.uni-frankfurt.de/cnt/id/hippolyte_person', NULL, 'Female', 'MythologicalFigures', 'Greek', NULL, NULL),
	(69, 'Homonoia', NULL, NULL, NULL, 'http://www.dbis.cs.uni-frankfurt.de/cnt/id/homonoia_person', 'Concordia', 'Female', 'Deities', 'Greek', 'Personification', NULL),
	(70, 'Hygieia', NULL, NULL, NULL, 'https://public.researchspace.org/resource/?uri=http://collection.britishmuseum.org/id/person-institution/58668', NULL, 'Female', 'Deities', 'Greek', 'Other', NULL),
	(71, 'Isis', 'Ploiaphesia = der Seefahrt', 'Isis Ploiaphesia, Isis Pharia', NULL, 'https://public.researchspace.org/resource/?uri=http://collection.britishmuseum.org/id/person-institution/54025', NULL, 'Female', 'Deities', 'Egyptian', 'Other', NULL),
	(72, 'Iupiter', NULL, 'Jupiter, Jupiter Karios, Child Jupiter', NULL, 'https://public.researchspace.org/resource/?uri=http://collection.britishmuseum.org/id/person-institution/58921', 'Zeus', 'Male', 'Deities', 'Roman', 'Olympic', NULL),
	(73, 'Julia Domna', 'Domna = keine besondere Bedeutung', 'julia_domna', NULL, 'http://nomisma.org/id/julia_domna', NULL, 'Female', 'Human', 'Emperor', 'SeveranDynasty', NULL),
	(74, 'Julia Mamaea', 'Mamaea = keine besondere Bedeutung', 'julia_mamaea', NULL, 'http://nomisma.org/id/julia_mamaea', NULL, 'Female', 'Human', 'EmperorsFamily', 'SeveranDynasty', NULL),
	(75, 'Juno', NULL, 'Juno Sospita, Juno Moneta', NULL, 'https://public.researchspace.org/resource/?uri=http://collection.britishmuseum.org/id/person-institution/58624', 'Hera', 'Female', 'Deities', 'Roman', 'Olympic', NULL),
	(76, 'Keroessa', NULL, NULL, NULL, 'http://www.dbis.cs.uni-frankfurt.de/cnt/id/keroessa_person', NULL, 'Female', 'Heroes', 'Greek', NULL, NULL),
	(77, 'Kore', NULL, NULL, NULL, 'http://www.dbis.cs.uni-frankfurt.de/cnt/id/kore_person', 'Persephone, Proserpina', 'Female', 'Deities', 'Greek', 'Underworld', NULL),
	(78, 'Kotys I', NULL, 'Kotys, Kotys I., Cotys I', NULL, 'http://nomisma.org/id/kotys_mesembria', NULL, 'Male', 'Human', 'King', 'OdrysianDynasty', NULL),
	(79, 'Kybele', NULL, 'Cybele', NULL, 'http://www.dbis.cs.uni-frankfurt.de/cnt/id/kybele_person', 'Cybele', 'Female', 'Deities', 'Greek', 'Other', NULL),
	(80, 'Livia', NULL, NULL, NULL, 'http://nomisma.org/id/livia', NULL, 'Female', 'Human', 'Emperor', 'Julio-ClaudianDynasty', NULL),
	(81, 'Lucilla', NULL, NULL, NULL, 'http://nomisma.org/id/lucilla', NULL, 'Female', 'Human', 'Emperor', 'AntonineDynasty', NULL),
	(82, 'Lucius Verus', 'Verus = keine besondere Bedeutung', 'lucius_verus', NULL, 'http://nomisma.org/id/lucius_verus', NULL, 'Male', 'Human', 'Emperor', 'AntonineDynasty', NULL),
	(83, 'Lysimachos', NULL, 'Lysimachus', NULL, 'http://nomisma.org/id/lysimachus', NULL, 'Male', 'Human', 'King', 'Hellenistic', NULL),
	(84, 'Macrianus maior', NULL, 'Fulvius Macrianus', NULL, 'http://nomisma.org/id/macrianus_major', NULL, 'Male', 'Human', 'Usurper', NULL, NULL),
	(85, 'Macrinus', NULL, NULL, NULL, 'http://nomisma.org/id/macrinus', NULL, 'Male', 'Human', 'Emperor', NULL, NULL),
	(86, 'Maesa', NULL, 'Iulia Maesa, Julia Maesa, julia_maesa', NULL, 'http://nomisma.org/id/julia_maesa', NULL, 'Female', 'Human', 'EmperorsFamily', NULL, NULL),
	(87, 'Marcus Antonius', NULL, 'Mark Anton', NULL, 'http://nomisma.org/id/mark_antony', NULL, 'Male', 'Human', 'General', NULL, NULL),
	(88, 'Marcus Aurelius', 'Aurelius = keine besondere Bedeutung', 'Mark Aurel, marcus_aurelius', NULL, 'http://nomisma.org/id/marcus_aurelius', NULL, 'Male', 'Human', 'Emperor', 'AntonineDynasty', NULL),
	(89, 'Mars', NULL, NULL, NULL, 'https://public.researchspace.org/resource/?uri=http://collection.britishmuseum.org/id/person-institution/59284', 'Ares', 'Male', 'Deities', 'Roman', 'Olympic', NULL),
	(90, 'Marsyas', NULL, NULL, NULL, 'http://www.dbis.cs.uni-frankfurt.de/cnt/id/marsyas_person', NULL, 'Male', 'MythologicalFigures', 'Satyr-Silen', NULL, NULL),
	(91, 'Maximinus I', 'Thrax = der Thraker', 'Maximinus Thrax, Maximinus I., maximinus_thrax', NULL, 'http://nomisma.org/id/maximinus_thrax', NULL, 'Male', 'Human', 'Emperor', 'BarracksEmperors', NULL),
	(92, 'Maximus', NULL, 'gaius_julius_verus_maximus', NULL, 'http://nomisma.org/id/gaius_julius_verus_maximus', NULL, 'Male', 'Human', 'EmperorsFamily', NULL, NULL),
	(93, 'Melsas', NULL, NULL, NULL, 'http://www.dbis.cs.uni-frankfurt.de/cnt/id/melsas_person', NULL, 'Male', 'Heroes', 'CityFounder', NULL, NULL),
	(94, 'Mercury', NULL, NULL, NULL, 'https://public.researchspace.org/resource/?uri=http://collection.britishmuseum.org/id/person-institution/58637', 'Hermes', 'Male', 'Deities', 'Roman', 'Olympic', NULL),
	(95, 'Mestos', NULL, 'Nestos', NULL, 'http://www.dbis.cs.uni-frankfurt.de/cnt/id/mestos_person', NULL, 'Male', 'Deities', 'Greek', 'RiverGod', NULL),
	(96, 'Minerva', NULL, NULL, NULL, 'https://public.researchspace.org/resource/?uri=http://collection.britishmuseum.org/id/person-institution/57060', 'Athena', 'Female', 'Deities', 'Roman', 'Olympic', NULL),
	(97, 'Mostis', NULL, NULL, NULL, 'http://www.dbis.cs.uni-frankfurt.de/cnt/id/mostis_person', NULL, 'Male', 'Human', 'King', 'CanianDynasty', NULL),
	(98, 'Nemesis', NULL, NULL, NULL, 'https://public.researchspace.org/resource/?uri=http://collection.britishmuseum.org/id/person-institution/59551', NULL, 'Female', 'Deities', 'Greek', 'Other', NULL),
	(99, 'Neptune', NULL, NULL, NULL, 'https://public.researchspace.org/resource/?uri=http://collection.britishmuseum.org/id/person-institution/59828', 'Poseidon', 'Male', 'Deities', 'Roman', 'Olympic', NULL),
	(100, 'Nero', NULL, NULL, NULL, 'http://nomisma.org/id/nero', NULL, 'Male', 'Human', 'Emperor', 'Julio-ClaudianDynasty', NULL),
	(101, 'Nerva', NULL, 'Nerva Divus', NULL, 'http://nomisma.org/id/nerva', NULL, 'Male', 'Human', 'Emperor', 'AdoptiveEmperors', NULL),
	(102, 'Nike', NULL, NULL, NULL, 'https://public.researchspace.org/resource/?uri=http://collection.britishmuseum.org/id/person-institution/60915', 'Victoria', 'Female', 'Deities', 'Greek', 'Other', NULL),
	(103, 'Octavia', NULL, 'Oktavia, claudia_octavia', NULL, 'http://nomisma.org/id/claudia_octavia', NULL, 'Female', 'Human', 'EmperorsFamily', 'Julio-ClaudianDynasty', NULL),
	(104, 'Oiskos', NULL, NULL, NULL, 'http://www.dbis.cs.uni-frankfurt.de/cnt/id/Oiskos_person', NULL, 'Male', 'Deities', 'Greek', 'RiverGod', NULL),
	(105, 'Otacilia Severa', 'Severa = keine besondere Bedeutung', 'Otacilia, otacilia_severa', NULL, 'http://nomisma.org/id/otacilia_severa', NULL, 'Female', 'Human', 'Emperor', 'BarracksEmperors', 'GordianDynasty'),
	(106, 'Pan', NULL, NULL, NULL, 'https://public.researchspace.org/resource/?uri=http://collection.britishmuseum.org/id/person-institution/59726', NULL, 'Male', 'Deities', 'Greek', 'Other', NULL),
	(107, 'Paula', NULL, 'Julia Paula, julia_paula', NULL, 'http://nomisma.org/id/julia_paula', NULL, 'Female', 'Human', 'Emperor', 'SeveranDynasty', NULL),
	(108, 'Pax', NULL, NULL, NULL, 'https://public.researchspace.org/resource/?uri=http://collection.britishmuseum.org/id/person-institution/76227', 'Eirene', 'Female', 'Deities', 'Roman', 'Personification', NULL),
	(109, 'Perinthos', NULL, NULL, NULL, 'http://www.dbis.cs.uni-frankfurt.de/cnt/id/perinthos_person', NULL, 'Male', 'Heroes', 'CityFounder', NULL, NULL),
	(110, 'Persephone', NULL, NULL, NULL, 'https://public.researchspace.org/resource/?uri=http://collection.britishmuseum.org/id/person-institution/59758', 'Proserpina, Kore', 'Female', 'Deities', 'Greek', 'Underworld', NULL),
	(111, 'Perseus', NULL, NULL, NULL, 'https://public.researchspace.org/resource/?uri=http://collection.britishmuseum.org/id/person-institution/59759', NULL, 'Male', 'Heroes', 'Greek', NULL, NULL),
	(113, 'Philippus Arabs', 'Arabs = der Araber', 'Philippus I, Philipp I., Philip the Arab,  philip_the_arab, Philip I, Philip the Elder, Philipp der Ältere', NULL, 'http://nomisma.org/id/philip_the_arab', NULL, 'Male', 'Human', 'Emperor', 'BarracksEmperors', NULL),
	(114, 'Philippus II', NULL, 'Philippus II.', NULL, 'http://nomisma.org/id/philippus_ii', NULL, 'Male', 'Human', 'King', 'ArgeadDynasty', NULL),
	(115, 'Plautilla', NULL, NULL, NULL, 'http://nomisma.org/id/plautilla', NULL, 'female', 'Human', 'Emperor', 'SeveranDynasty', NULL),
	(116, 'Plotina', NULL, NULL, NULL, 'http://nomisma.org/id/plotina', NULL, 'Female', 'Human', 'Emperor', 'AdoptiveEmperors', NULL),
	(117, 'Pluto', NULL, NULL, NULL, 'https://public.researchspace.org/resource/?uri=http://collection.britishmuseum.org/id/person-institution/59809', 'Hades', 'Male', 'Deities', 'Roman', 'Underworld', NULL),
	(118, 'Pollux', NULL, NULL, NULL, 'http://www.dbis.cs.uni-frankfurt.de/cnt/id/pollux_person', 'Polydeuces, Dioscur', 'Male', 'Deities', 'Greek-Roman', 'Other', NULL),
	(119, 'Polydeuces', NULL, 'Polydeukes, Pollux', NULL, 'http://www.dbis.cs.uni-frankfurt.de/cnt/id/polydeuces_person', 'Pollux, Dioscur', 'Male', 'Deities', 'Greek', 'Other', NULL),
	(120, 'Poppaea', NULL, NULL, NULL, 'http://www.dbis.cs.uni-frankfurt.de/cnt/id/poppaea_person', NULL, 'Female', 'Human', 'Emperor', 'Julio-ClaudianDynasty', NULL),
	(121, 'Poseidon', NULL, NULL, NULL, 'https://public.researchspace.org/resource/?uri=http://collection.britishmuseum.org/id/person-institution/59828', 'Neptune', 'Male', 'Deities', 'Greek', 'Olympic', NULL),
	(122, 'Proserpina', NULL, NULL, NULL, 'https://public.researchspace.org/resource/?uri=http://collection.britishmuseum.org/id/person-institution/59758', 'Kore, Persephone', 'Female', 'Deities', 'Roman', 'Underworld', NULL),
	(123, 'Protesilaos', NULL, NULL, NULL, 'http://www.dbis.cs.uni-frankfurt.de/cnt/id/protesilaos_person', NULL, 'Male', 'Heroes', 'Greek', NULL, NULL),
	(124, 'Ptolemy III Euergetes', 'Euergetes = der Wohltäter', 'Ptolemaios III. Euergetes, Ptolemy III. Euergetes, Ptolemäus III. ', NULL, 'http://www.dbis.cs.uni-frankfurt.de/cnt/id/ptolemy_iii_person', NULL, 'Male', 'Human', 'King', 'Hellenistic', 'Ptolemies'),
	(125, 'Pythodoris', NULL, NULL, NULL, 'http://www.dbis.cs.uni-frankfurt.de/cnt/id/pythodoris_person', NULL, 'Female', 'Human', 'King', 'SapeianDynasty', NULL),
	(126, 'Remus', NULL, NULL, NULL, 'https://public.researchspace.org/resource/?uri=http://collection.britishmuseum.org/id/person-institution/60203', NULL, 'Male', 'Heroes', 'Roman', 'CityFounder', NULL),
	(127, 'Rhoemetalces', NULL, 'Rhoimetalkes', NULL, 'http://www.dbis.cs.uni-frankfurt.de/cnt/id/rhoemetalces_person', NULL, 'Male', 'Human', 'King', 'SapeianDynasty', NULL),
	(128, 'Roma', NULL, 'Roma Victrix, 60208', NULL, 'https://public.researchspace.org/resource/?uri=http://collection.britishmuseum.org/id/person-institution/60208', NULL, 'Female', 'Deities', 'Roman', 'Personification', NULL),
	(129, 'Romulus', NULL, NULL, NULL, 'https://public.researchspace.org/resource/?uri=http://collection.britishmuseum.org/id/person-institution/60209', NULL, 'Male', 'Heroes', 'Roman', 'CityFounder', NULL),
	(130, 'Sabina', NULL, 'Diva Sabina', 'Diva Sabrina', 'http://nomisma.org/id/sabina', NULL, 'Female', 'Human', 'Emperor', 'AdoptiveEmperors', NULL),
	(131, 'Salonina', NULL, 'cornelia_salonina', NULL, 'http://nomisma.org/id/cornelia_salonina', NULL, 'Female', 'Human', 'Emperor', 'BarracksEmperors', NULL),
	(132, 'Selene', NULL, NULL, NULL, 'http://www.dbis.cs.uni-frankfurt.de/cnt/id/selene_person', NULL, 'Female', 'Deities', 'Greek', 'Other', NULL),
	(133, 'Seleucus I', 'Nikator = der Siegreiche.', 'Seleucus I Nikator, Seleucus I. Nikator, Seleukos I.', 'Niktaor', 'http://www.dbis.cs.uni-frankfurt.de/cnt/id/seleucus_i_person', NULL, 'Male', 'Human', 'King', 'Hellenistic', 'Seleucides'),
	(134, 'Septimius Severus', 'Severus = keine besondere Bedeutung', 'septimius_severus', NULL, 'http://nomisma.org/id/septimius_severus', NULL, 'Male', 'Human', 'Emperor', 'SeveranDynasty', NULL),
	(135, 'Serapis', NULL, 'Sarapis', NULL, 'https://public.researchspace.org/resource/?uri=http://collection.britishmuseum.org/id/person-institution/60374', NULL, 'Male', 'Deities', 'Egyptian', 'Other', NULL),
	(136, 'Seuthes', NULL, NULL, NULL, 'http://www.dbis.cs.uni-frankfurt.de/cnt/id/seuthes_person', NULL, 'Male', 'Human', 'King', 'OdrysianDynasty', NULL),
	(137, 'Severus Alexander', NULL, 'severus_alexander', NULL, 'http://nomisma.org/id/severus_alexander', NULL, 'Male', 'Human', 'Emperor', 'SeveranDynasty', NULL),
	(138, 'Skostokos', NULL, 'Scostocus, Scostocos, Scostoces', NULL, 'http://www.dbis.cs.uni-frankfurt.de/cnt/id/skostokos_person', NULL, 'Male', 'Human', 'King', 'OdrysianDynasty', NULL),
	(139, 'Soaemias', NULL, 'Iulia Soaemias, Julia Soaemias, julia_soaemias', NULL, 'http://nomisma.org/id/julia_soaemias', NULL, 'Female', 'Human', 'EmperorsFamily', NULL, NULL),
	(140, 'Strymon', NULL, NULL, NULL, 'http://www.dbis.cs.uni-frankfurt.de/cnt/id/strymon_person', NULL, 'Male', 'Deities', 'Greek', 'RiverGod', NULL),
	(141, 'Telephos', NULL, NULL, NULL, 'http://www.dbis.cs.uni-frankfurt.de/cnt/id/telephos_person', NULL, 'Male', 'Heroes', 'Greek', NULL, NULL),
	(142, 'Telesphorus', NULL, 'Telesphoros', NULL, 'https://public.researchspace.org/resource/?uri=http://collection.britishmuseum.org/id/person-institution/60691', NULL, 'Male', 'Deities', 'Greek', 'Other', NULL),
	(143, 'Thalassa', NULL, NULL, NULL, 'http://www.dbis.cs.uni-frankfurt.de/cnt/id/thalassa_person', NULL, 'Female', 'Deities', 'Greek', 'Other', NULL),
	(144, 'Theos Megas', NULL, 'Great God', NULL, 'http://www.dbis.cs.uni-frankfurt.de/cnt/id/theos_megas_person', 'Great God', 'Male', 'Deities', 'Greek-Roman', 'Other', NULL),
	(145, 'Tonzos', NULL, 'Tonzus', NULL, 'http://www.dbis.cs.uni-frankfurt.de/cnt/id/tonzos_person', NULL, 'Male', 'Deities', 'Greek', 'RiverGod', NULL),
	(146, 'Trajan', NULL, 'Traian, Divus Trajan', NULL, 'http://nomisma.org/id/trajan', NULL, 'Male', 'Human', 'Emperor', 'AdoptiveEmperors', NULL),
	(148, 'Tranquillina', NULL, 'sabinia_tranquillina', NULL, 'http://nomisma.org/id/sabinia_tranquillina', NULL, 'Female', 'Human', 'Emperor', 'BarracksEmperors', 'GordianDynasty'),
	(149, 'Trebonianus Gallus', 'Gallus = keine besondere Bedeutung', 'trebonianus_gallus', NULL, 'http://nomisma.org/id/trebonianus_gallus', NULL, 'Male', 'Human', 'Emperor', 'BarracksEmperors', NULL),
	(150, 'Triptolemos', NULL, 'Triptolemon', NULL, 'http://www.dbis.cs.uni-frankfurt.de/cnt/id/triptolemos_person', NULL, 'Male', 'Deities', 'Greek', 'Other', NULL),
	(151, 'Tyche', 'Poleos = mit Mauerkrone', 'Tyche Poleos', NULL, 'https://public.researchspace.org/resource/?uri=http://collection.britishmuseum.org/id/person-institution/58260', NULL, 'Female', 'Deities', 'Greek', 'Other', NULL),
	(152, 'Valerian', NULL, NULL, NULL, 'http://nomisma.org/id/valerian', NULL, 'Male', 'Human', 'Emperor', 'BarracksEmperors', NULL),
	(153, 'Venus', NULL, 'Venus Genetrix, Venus Victrix', NULL, 'https://public.researchspace.org/resource/?uri=http://collection.britishmuseum.org/id/person-institution/56979', 'Aphrodite', 'Female', 'Deities', 'Roman', 'Olympic', NULL),
	(154, 'Victoria', NULL, NULL, NULL, 'https://public.researchspace.org/resource/?uri=http://collection.britishmuseum.org/id/person-institution/60915', 'Nike', 'Female', 'Deities', 'Roman', 'Other', NULL),
	(155, 'Volusian', NULL, NULL, NULL, 'http://nomisma.org/id/volusian', NULL, 'Male', 'Human', 'Emperor', 'BarracksEmperors', NULL),
	(156, 'Vulcanus', NULL, 'Vulcan', NULL, 'https://public.researchspace.org/resource/?uri=http://collection.britishmuseum.org/id/person-institution/58623', 'Hephaestos', 'Male', 'Deities', 'Roman', 'Olympic', NULL),
	(157, 'Zeus', 'Aëtophoros = der Adlerträger. Epikarpios = der Fruchtbringer. Keraunos = des Blitzes oder der Blitzeschleuderer', 'Zeus Aëtophoros, Zeus Epikarpios, Zeus Keraunos', NULL, 'https://public.researchspace.org/resource/?uri=http://collection.britishmuseum.org/id/person-institution/58921', 'Iupiter', 'Male', 'Deities', 'Greek', 'Olympic', NULL),
	(158, 'city goddess', NULL, 'city goddesses', NULL, 'http://www.dbis.cs.uni-frankfurt.de/cnt/id/city_goddess_person', NULL, 'Female', 'Deities', 'Greek', 'Personification', NULL),
	(159, 'emperor', NULL, 'emperors', NULL, 'http://nomisma.org/id/roman_emperor', NULL, 'Male', 'Human', 'Emperor', NULL, NULL),
	(160, 'heros', NULL, NULL, NULL, 'http://www.dbis.cs.uni-frankfurt.de/cnt/id/heros_person', NULL, 'Male', 'Heroes', NULL, NULL, NULL),
	(161, 'maenad', 'weibliche Kultanhängerin des Dionysos', 'maenads', NULL, 'http://www.dbis.cs.uni-frankfurt.de/cnt/id/maenad_person', NULL, 'Female', 'MythologicalFigures', NULL, NULL, NULL),
	(162, 'nymph', 'weibliche Naturgottheit', 'nymphes', NULL, 'http://www.dbis.cs.uni-frankfurt.de/cnt/id/nymph_person', NULL, 'Female', 'Deities', 'Greek', NULL, NULL),
	(163, 'satyr', 'mythisches Mischwesen aus dem Gefolge des Dionysos', 'satyrs', NULL, 'https://public.researchspace.org/resource/?uri=http://collection.britishmuseum.org/id/person-institution/60385', NULL, 'Male', 'MythologicalFigures', NULL, NULL, NULL),
	(167, 'figure', NULL, 'figures', NULL, 'http://www.dbis.cs.uni-frankfurt.de/cnt/id/figure_person', NULL, 'Male-Female', 'Human', NULL, NULL, NULL),
	(168, 'Apollon', 'Citharoedus = Kitharaspieler -> Musikinstrument: eine Art Leier. Karinos = Bedeutung nicht klar', 'Apollon Keraunos', NULL, 'https://public.researchspace.org/resource/?uri=http://collection.britishmuseum.org/id/person-institution/56988', 'Apollo', 'Male', 'Deities', 'Greek', 'Olympic', NULL),
	(169, 'Annona', 'aus OCRE', NULL, NULL, 'http://www.dbis.cs.uni-frankfurt.de/cnt/id/Annona_person', NULL, 'Female', 'Deities', 'Roman', 'Personification', NULL),
	(171, 'Virtus', 'aus OCRE', NULL, NULL, 'http://www.dbis.cs.uni-frankfurt.de/cnt/id/Virtus_person', NULL, 'Female', 'Deities', 'Roman', 'Personification', NULL),
	(172, 'Abundantia', 'aus OCRE', NULL, NULL, 'http://www.dbis.cs.uni-frankfurt.de/cnt/id/Abundantia_person', NULL, 'Female', 'Deities', 'Roman', 'Personification', NULL),
	(173, 'Concordia', 'aus OCRE', NULL, NULL, 'http://www.dbis.cs.uni-frankfurt.de/cnt/id/Concordia_person', NULL, 'Female', 'Deities', 'Roman', 'Personification', NULL),
	(174, 'Fortuna', 'aus OCRE', NULL, NULL, 'http://www.dbis.cs.uni-frankfurt.de/cnt/id/Fortuna_person', NULL, 'Female', 'Deities', 'Roman', 'Personification', NULL),
	(175, 'Dacian', 'aus OCRE', NULL, NULL, 'http://www.dbis.cs.uni-frankfurt.de/cnt/id/Dacian_person', NULL, 'Male', 'Human', 'Barbarian', NULL, NULL),
	(176, 'Saturn', 'aus OCRE', NULL, NULL, 'http://www.dbis.cs.uni-frankfurt.de/cnt/id/Saturn_person', 'Kronos', 'Male', 'Deities', 'Roman', 'Other', NULL),
	(177, 'Aequitas', 'aus OCRE', NULL, NULL, 'http://www.dbis.cs.uni-frankfurt.de/cnt/id/Aequitas_person', NULL, 'Female', 'Deities', 'Roman', 'Personification', NULL),
	(178, 'Victory', 'aus OCRE', 'Victories', 'Vicotory', 'http://www.dbis.cs.uni-frankfurt.de/cnt/id/Victory_person', 'Nike', 'Ocre_subject', 'Deities', 'Roman', 'Personification', NULL),
	(179, 'Dacia', 'aus OCRE', NULL, NULL, 'http://www.dbis.cs.uni-frankfurt.de/cnt/id/Dacia_person', NULL, 'Female', 'Deities', 'Roman', 'Personification', NULL),
	(181, 'Vesta', 'aus OCRE', NULL, NULL, 'http://www.dbis.cs.uni-frankfurt.de/cnt/id/Vesta_person', NULL, 'Female', 'Deities', 'Roman', 'Other', NULL),
	(182, 'Spes', 'aus OCRE', NULL, NULL, 'http://www.dbis.cs.uni-frankfurt.de/cnt/id/Spes_person', NULL, 'Female', 'Deities', 'Roman', 'Personification', NULL),
	(185, 'Honos', 'aus OCRE', NULL, NULL, 'http://www.dbis.cs.uni-frankfurt.de/cnt/id/Honos_person', NULL, 'Male', 'Deities', 'Roman', 'Personification', NULL),
	(186, 'Juventas', 'aus OCRE', NULL, NULL, 'http://www.dbis.cs.uni-frankfurt.de/cnt/id/Juventas_person', 'Hebe', 'Female', 'Deities', 'Roman', 'Other', NULL),
	(188, 'Matidia', 'aus OCRE', 'Salonina Matidia', NULL, 'http://nomisma.org/id/matidia', NULL, 'Female', 'Human', 'EmperorsFamily', 'AdoptiveEmperors', NULL),
	(190, 'Pietas', 'aus OCRE', NULL, 'Piestas', 'http://www.dbis.cs.uni-frankfurt.de/cnt/id/Pietas_person', NULL, 'Female', 'Deities', 'Roman', 'Personification', NULL),
	(191, 'Indulgentia', 'aus OCRE', NULL, NULL, 'http://www.dbis.cs.uni-frankfurt.de/cnt/id/Indulgentia_person', NULL, 'Female', 'Deities', 'Roman', 'Personification', NULL),
	(192, 'Laetitia', 'aus OCRE', NULL, NULL, 'http://www.dbis.cs.uni-frankfurt.de/cnt/id/Laetitia_person', NULL, 'Female', 'Deities', 'Roman', 'Personification', NULL),
	(194, 'Justitia', 'aus OCRE', 'Iustitia', 'Justia', 'http://www.dbis.cs.uni-frankfurt.de/cnt/id/Justitia_person', NULL, 'Female', 'Deities', 'Roman', 'Other', NULL),
	(195, 'Armenia', 'aus OCRE', NULL, NULL, 'http://www.dbis.cs.uni-frankfurt.de/cnt/id/Armenia_person', NULL, 'Female', 'Deities', 'Roman', 'Personification', NULL),
	(196, 'Twins', 'aus OCRE', 'twins', NULL, 'http://www.dbis.cs.uni-frankfurt.de/cnt/id/Twins_person', NULL, 'Male', 'Heroes', 'CityFounder', NULL, NULL),
	(197, 'Libertas', 'aus OCRE', NULL, NULL, 'http://www.dbis.cs.uni-frankfurt.de/cnt/id/Libertas_person', NULL, 'Female', 'Deities', 'Roman', 'Personification', NULL),
	(199, 'Sohaemus', 'aus OCRE', NULL, NULL, 'http://www.dbis.cs.uni-frankfurt.de/cnt/id/Sohaemus_person', NULL, 'Male', 'Human', 'King', NULL, NULL),
	(202, 'Medusa', 'aus OCRE', NULL, NULL, 'http://www.dbis.cs.uni-frankfurt.de/cnt/id/Medusa_person', NULL, 'Female', 'MythologicalFigures', 'Greek-Roman', NULL, NULL),
	(203, 'Italia', 'aus OCRE', NULL, NULL, 'http://www.dbis.cs.uni-frankfurt.de/cnt/id/Italia_person', NULL, 'Female', 'Deities', 'Roman', 'Personification', NULL),
	(204, 'fides militaris', 'aus OCRE', 'Fides militaris, Fides Militum', NULL, 'http://www.dbis.cs.uni-frankfurt.de/cnt/id/FidesMilitaris_person', NULL, 'Female', 'Deities', 'Roman', 'Personification', NULL),
	(206, 'Parthia', 'aus OCRE', NULL, NULL, 'http://www.dbis.cs.uni-frankfurt.de/cnt/id/Parthia_person', NULL, 'Female', 'Deities', 'Roman', 'Personification', NULL),
	(207, 'Parthian', 'aus OCRE', NULL, NULL, 'http://www.dbis.cs.uni-frankfurt.de/cnt/id/Parthian_person', NULL, 'Male', 'Human', 'Barbarian', NULL, NULL),
	(209, 'Nobilitas', 'aus OCRE', NULL, NULL, 'http://www.dbis.cs.uni-frankfurt.de/cnt/id/Nobilitas_person', NULL, 'Female', 'Deities', 'Roman', 'Personification', NULL),
	(210, 'Janus', 'aus OCRE', 'Janus Quadrifons', NULL, 'http://www.dbis.cs.uni-frankfurt.de/cnt/id/Janus_person', NULL, 'Male', 'Deities', 'Roman', 'Other', NULL),
	(212, 'Fortuna', 'aus OCRE', 'Fortuna Felix, Fortuna Victrix', NULL, 'http://www.dbis.cs.uni-frankfurt.de/cnt/id/FortunaFelix_person', NULL, 'Female', 'Deities', 'Roman', 'Other', NULL),
	(215, 'Moneta', 'aus OCRE', 'Monetae, Tres Monetae', NULL, 'http://www.dbis.cs.uni-frankfurt.de/cnt/id/Monetae_person', NULL, 'Female', 'Deities', 'Roman', 'Personification', NULL),
	(216, 'Moor', 'aus OCRE', NULL, NULL, 'http://www.dbis.cs.uni-frankfurt.de/cnt/id/Moor_person', NULL, 'Male', 'Human', 'Barbarian', NULL, NULL),
	(217, 'Agrippa', 'aus OCRE', NULL, NULL, 'http://nomisma.org/id/agrippa', NULL, 'Male', 'Human', 'EmperorsFamily', 'Julio-ClaudianDynasty', NULL),
	(218, 'Gaius Caesar', 'aus OCRE', 'gaius_caesar', NULL, 'http://nomisma.org/id/gaius_caesar', NULL, 'Male', 'Human', 'EmperorsFamily', 'Julio-ClaudianDynasty', NULL),
	(219, 'Lucius Caesar', 'aus OCRE', 'lucius_caesar', NULL, 'http://nomisma.org/id/lucius_caesar', NULL, 'Male', 'Human', 'EmperorsFamily', 'Julio-ClaudianDynasty', NULL),
	(220, 'Tiberius', 'aus OCRE', NULL, NULL, 'http://nomisma.org/id/tiberius', NULL, 'Male', 'Human', 'Emperor', 'Julio-ClaudianDynasty', NULL),
	(221, 'Sicilia', 'aus OCRE', NULL, NULL, 'http://www.dbis.cs.uni-frankfurt.de/cnt/id/Sicilia_person', NULL, 'Female', 'Deities', 'Roman', 'Personification', NULL),
	(223, 'Herald', 'aus OCRE', NULL, NULL, 'http://www.dbis.cs.uni-frankfurt.de/cnt/id/Herald_person', NULL, 'Male', 'Human', NULL, NULL, NULL),
	(225, 'Germanicus', 'aus OCRE', NULL, NULL, 'http://nomisma.org/id/germanicus', NULL, 'Male', 'Human', 'EmperorsFamily', 'Julio-ClaudianDynasty', NULL),
	(226, 'Constantia', 'aus OCRE', NULL, NULL, 'http://www.dbis.cs.uni-frankfurt.de/cnt/id/Constantia_person', NULL, 'Female', 'Deities', 'Roman', 'Personification', NULL),
	(227, 'Antonia Minor', 'aus OCRE', 'Julia Antonia Minor, Antonia the Younger, Antonia, antonia_minor', NULL, 'http://nomisma.org/id/antonia_minor', NULL, 'Female', 'Human', 'EmperorsFamily', 'Julio-ClaudianDynasty', NULL),
	(230, 'Genius Populi Romani', 'aus OCRE', 'Genius of the Roman people, Genius', NULL, 'http://www.dbis.cs.uni-frankfurt.de/cnt/id/GeniusPopuliRomani_person', NULL, 'Male', 'Deities', 'Roman', 'Personification', NULL),
	(231, 'Hispania', 'aus OCRE', NULL, NULL, 'http://www.dbis.cs.uni-frankfurt.de/cnt/id/Hispania_person', NULL, 'Female', 'Deities', 'Roman', 'Personification', NULL),
	(232, 'Gallia', 'aus OCRE', NULL, 'Galia', 'http://www.dbis.cs.uni-frankfurt.de/cnt/id/Gallia_person', NULL, 'Female', 'Deities', 'Roman', 'Personification', NULL),
	(235, 'Otho', 'aus OCRE', NULL, NULL, 'http://nomisma.org/id/otho', NULL, 'Male', 'Human', 'Emperor', 'YearofFourEmperors', NULL),
	(236, 'Lucius Vitellius', 'aus OCRE', NULL, NULL, 'http://nomisma.org/id/lucius_vitellius_pater', NULL, 'Male', 'Human', 'EmperorsFamily', 'YearofFourEmperors', NULL),
	(237, 'Vitellius', 'aus OCRE', NULL, NULL, 'http://nomisma.org/id/vitellius', NULL, 'Male', 'Human', 'Emperor', 'YearofFourEmperors', NULL),
	(238, 'Titus', 'aus OCRE', NULL, NULL, 'http://nomisma.org/id/titus', NULL, 'Male', 'Human', 'Emperor', 'FlavianDynasty', NULL),
	(240, 'Vespasian', 'aus OCRE', 'Divus Vespasian', NULL, 'http://nomisma.org/id/vespasian', NULL, 'Male', 'Human', 'Emperor', 'FlavianDynasty', NULL),
	(241, 'Judaea', 'aus OCRE', 'Judea', NULL, 'http://www.dbis.cs.uni-frankfurt.de/cnt/id/Judaea_person', NULL, 'Female', 'Deities', 'Roman', 'Personification', NULL),
	(249, 'Julia Titi', 'aus OCRE', 'Julia Flavia, julia_titi', NULL, 'http://nomisma.org/id/julia_titi', NULL, 'Female', 'Human', 'Emperor', 'FlavianDynasty', NULL),
	(250, 'Domitia Longina', 'aus OCRE', 'Domitia', NULL, 'http://nomisma.org/id/domitia', NULL, 'Female', 'Human', 'Emperor', 'FlavianDynasty', NULL),
	(251, 'Germania', 'aus OCRE', NULL, NULL, 'http://www.dbis.cs.uni-frankfurt.de/cnt/id/Germania_person', NULL, 'Female', 'Deities', 'Roman', 'Personification', NULL),
	(253, 'Rhenus', 'aus OCRE', NULL, NULL, 'http://www.dbis.cs.uni-frankfurt.de/cnt/id/Rhenus_person', NULL, 'Male', 'Deities', 'Roman', 'RiverGod', NULL),
	(259, 'Maia', 'aus OCRE', NULL, NULL, 'http://www.dbis.cs.uni-frankfurt.de/cnt/id/Maia_person', NULL, 'Female', 'Deities', 'Roman', 'Other', NULL),
	(262, 'Arabia', 'aus OCRE', NULL, NULL, 'http://www.dbis.cs.uni-frankfurt.de/cnt/id/Arabia_person', NULL, 'Female', 'Deities', 'Roman', 'Personification', NULL),
	(263, 'Danuvius', 'aus OCRE', 'Danube', NULL, 'http://www.dbis.cs.uni-frankfurt.de/cnt/id/Danuvius_person', NULL, 'Male', 'Deities', 'Roman', 'RiverGod', NULL),
	(264, 'Oceanus', 'aus OCRE', 'Ocean', NULL, 'http://www.dbis.cs.uni-frankfurt.de/cnt/id/Ocean_person', NULL, 'Male', 'Deities', 'Roman', 'RiverGod', NULL),
	(265, 'Clementia', 'aus OCRE', NULL, NULL, 'http://www.dbis.cs.uni-frankfurt.de/cnt/id/Clementia_person', NULL, 'Female', 'Deities', 'Roman', 'Personification', NULL),
	(267, 'Sol', 'aus OCRE', 'Sol Invictus, Sun', NULL, 'http://www.dbis.cs.uni-frankfurt.de/cnt/id/Sol_person', NULL, 'Male', 'Deities', 'Roman', 'Other', NULL),
	(269, 'Luna', 'aus OCRE', 'Moon', NULL, 'http://www.dbis.cs.uni-frankfurt.de/cnt/id/Moon_person', NULL, 'Female', 'Deities', 'Roman', 'Other', NULL),
	(271, 'Nilus', 'aus OCRE', 'Nile', NULL, 'http://www.dbis.cs.uni-frankfurt.de/cnt/id/Nilus_person', NULL, 'Male', 'Deities', 'Roman', 'RiverGod', NULL),
	(272, 'Alexandria', 'aus OCRE', NULL, NULL, 'http://www.dbis.cs.uni-frankfurt.de/cnt/id/Alexandria_person', NULL, 'Female', 'Deities', 'Roman', 'Personification', NULL),
	(273, 'Patientia', 'aus OCRE', NULL, NULL, 'http://www.dbis.cs.uni-frankfurt.de/cnt/id/Patientia_person', NULL, 'Female', 'Deities', 'Roman', 'Personification', NULL),
	(277, 'Lunus', 'aus OCRE', NULL, NULL, 'http://www.dbis.cs.uni-frankfurt.de/cnt/id/Lunus_person', NULL, 'Male', 'Deities', 'Roman', 'Other', NULL),
	(279, 'Liberalitas', 'aus OCRE', NULL, NULL, 'http://www.dbis.cs.uni-frankfurt.de/cnt/id/Liberalitas_person', NULL, 'Female', 'Deities', 'Roman', 'Personification', NULL),
	(280, 'Britannia', 'aus OCRE', NULL, NULL, 'http://www.dbis.cs.uni-frankfurt.de/cnt/id/Britannia_person', NULL, 'Female', 'Deities', 'Roman', 'Personification', NULL),
	(283, 'Bythnia', 'aus OCRE', NULL, NULL, 'http://www.dbis.cs.uni-frankfurt.de/cnt/id/Bythnia_person', NULL, 'Female', 'Deities', 'Roman', 'Personification', NULL),
	(284, 'Cilicia', 'aus OCRE', NULL, NULL, 'http://www.dbis.cs.uni-frankfurt.de/cnt/id/Cilicia_person', NULL, 'Female', 'Deities', 'Roman', 'Personification', NULL),
	(285, 'Moesia', 'aus OCRE', NULL, NULL, 'http://www.dbis.cs.uni-frankfurt.de/cnt/id/Moesia_person', NULL, 'Female', 'Deities', 'Roman', 'Personification', NULL),
	(286, 'Noricum', 'aus OCRE', NULL, NULL, 'http://www.dbis.cs.uni-frankfurt.de/cnt/id/Noricum_person', NULL, 'Male', 'Deities', 'Roman', 'Personification', NULL),
	(287, 'Phrygia', 'aus OCRE', NULL, NULL, 'http://www.dbis.cs.uni-frankfurt.de/cnt/id/Phrygia_person', NULL, 'Female', 'Deities', 'Roman', 'Personification', NULL),
	(288, 'Macedonia', 'aus OCRE', NULL, NULL, 'http://www.dbis.cs.uni-frankfurt.de/cnt/id/Macedonia_person', NULL, 'Female', 'Deities', 'Roman', 'Personification', NULL),
	(292, 'Phoenicia', 'aus OCRE', NULL, NULL, 'http://www.dbis.cs.uni-frankfurt.de/cnt/id/Phoenicia_person', NULL, 'Female', 'Deities', 'Roman', 'Personification', NULL),
	(293, 'Scythia', 'aus OCRE', NULL, NULL, 'http://www.dbis.cs.uni-frankfurt.de/cnt/id/Scythia_person', NULL, 'Female', 'Deities', 'Roman', 'Personification', NULL),
	(294, 'Rhea Silvia', 'aus OCRE', NULL, NULL, 'http://www.dbis.cs.uni-frankfurt.de/cnt/id/RheaSilvia_person', NULL, 'Female', 'MythologicalFigures', 'Roman', NULL, NULL),
	(296, 'Munificentia', 'aus OCRE', NULL, NULL, 'http://www.dbis.cs.uni-frankfurt.de/cnt/id/Munificentia_person', NULL, 'Female', 'Deities', 'Roman', 'Personification', NULL),
	(297, 'Genius Exercitus', 'aus OCRE', NULL, NULL, 'http://www.dbis.cs.uni-frankfurt.de/cnt/id/GeniusExercitus_person', NULL, 'Male', 'Deities', 'Roman', 'Personification', NULL),
	(299, 'Via Trajana', 'aus OCRE', 'Via Traiana', NULL, 'http://www.dbis.cs.uni-frankfurt.de/cnt/id/ViaTrajana_person', NULL, 'Female', 'Deities', 'Roman', 'Personification', NULL),
	(301, 'Saeculum Frugiferum', 'aus OCRE', NULL, NULL, 'http://www.dbis.cs.uni-frankfurt.de/cnt/id/SeaculumFrugiferum_person', NULL, 'Male', 'Deities', 'Roman', 'Personification', NULL),
	(304, 'Dea Caelestis', 'aus OCRE', NULL, 'Dae Caelestis', 'http://www.dbis.cs.uni-frankfurt.de/cnt/id/DeaCaelestis_person', NULL, 'Female', 'Deities', 'Roman', 'Other', NULL),
	(305, 'Triton', 'aus OCRE', NULL, NULL, 'http://www.dbis.cs.uni-frankfurt.de/cnt/id/Triton_person', NULL, 'Male', 'Deities', 'Roman', 'Other', NULL),
	(308, 'Season', 'aus OCRE', 'Seasons', NULL, 'http://www.dbis.cs.uni-frankfurt.de/cnt/id/Seasons_person', NULL, 'Male', 'Deities', 'Roman', 'Personification', NULL),
	(309, 'Bona Mens', 'aus OCRE', 'Mens, Mens Bona', NULL, 'http://www.dbis.cs.uni-frankfurt.de/cnt/id/BonaMens_person', NULL, 'Female', 'Deities', 'Roman', 'Personification', NULL),
	(310, 'Pertinax', 'aus OCRE', NULL, NULL, 'http://nomisma.org/id/pertinax', NULL, 'Male', 'Human', 'Emperor', NULL, NULL),
	(312, 'Aesculapius', 'aus OCRE', NULL, NULL, 'http://www.dbis.cs.uni-frankfurt.de/cnt/id/Aesculapius_person', NULL, 'Male', 'Deities', 'Roman', 'Other', NULL),
	(313, 'Minotaur', 'aus OCRE', NULL, NULL, 'http://www.dbis.cs.uni-frankfurt.de/cnt/id/Minotaur_person', NULL, 'Male', 'MythologicalFigures', 'Greek-Roman', NULL, NULL),
	(318, 'Pudicitia', 'aus OCRE', NULL, 'Pudiitia', 'http://www.dbis.cs.uni-frankfurt.de/cnt/id/Pudiitia_person', NULL, 'Female', 'Deities', 'Roman', 'Personification', NULL),
	(320, 'Pupienus', 'aus OCRE', NULL, NULL, 'http://nomisma.org/id/pupienus', NULL, 'Male', 'Human', 'Emperor', 'BarracksEmperors', NULL),
	(321, 'Perpetuitas', 'aus OCRE', NULL, NULL, 'http://www.dbis.cs.uni-frankfurt.de/cnt/id/Perpetuitas_person', NULL, 'Female', 'Deities', 'Roman', 'Personification', NULL),
	(322, 'Jucunditas', 'aus OCRE', NULL, NULL, 'http://www.dbis.cs.uni-frankfurt.de/cnt/id/Jucunditas_person', NULL, 'Female', 'Deities', 'Roman', 'Personification', NULL),
	(324, 'Julia Maesa', 'aus OCRE', 'julia_maesa', NULL, 'http://nomisma.org/id/julia_maesa', NULL, 'Female', 'Human', 'EmperorsFamily', 'SeveranDynasty', NULL),
	(325, 'Soldier', 'aus OCRE', 'soldier, soldiers, Soldiers', NULL, 'http://www.dbis.cs.uni-frankfurt.de/cnt/id/Soldier_person', NULL, 'Male', 'Human', NULL, NULL, NULL),
	(326, 'Philip II', 'aus OCRE', 'Philippus II, Philip the Younger, philippus_ii', NULL, 'http://nomisma.org/id/philippus_ii', NULL, 'Male', 'Human', 'Emperor', 'BarracksEmperors', NULL),
	(329, 'Tranquillitas', 'aus OCRE', NULL, NULL, 'http://www.dbis.cs.uni-frankfurt.de/cnt/id/Tranquillitas_person', NULL, 'Female', 'Deities', 'Roman', 'Personification', NULL),
	(330, 'Decius', 'aus OCRE', 'Trajan Decius, trajan_decius', NULL, 'http://nomisma.org/id/trajan_decius', NULL, 'Male', 'Human', 'Emperor', 'BarracksEmperors', NULL),
	(331, 'Herennius Etruscus', 'aus OCRE', 'herennius_etruscus', NULL, 'http://nomisma.org/id/herennius_etruscus', NULL, 'Male', 'Human', 'Emperor', 'BarracksEmperors', NULL),
	(333, 'Hostilian', 'aus OCRE', NULL, NULL, 'http://nomisma.org/id/hostilian', NULL, 'Male', 'Human', 'Emperor', 'BarracksEmperors', NULL),
	(334, 'Aemilian', 'aus OCRE', 'Aemilianus', NULL, 'http://nomisma.org/id/aemilian', NULL, 'Male', 'Human', 'Emperor', 'BarracksEmperors', NULL),
	(336, 'Valerian II', 'aus OCRE', 'valerian_ii', NULL, 'http://nomisma.org/id/valerian_ii', NULL, 'Male', 'Human', 'Emperor', 'BarracksEmperors', NULL),
	(337, 'Saloninus', 'aus OCRE', NULL, NULL, 'http://nomisma.org/id/saloninus', NULL, 'Male', 'Human', 'Emperor', 'BarracksEmperors', NULL),
	(341, 'Youth', 'aus OCRE', NULL, NULL, 'http://www.dbis.cs.uni-frankfurt.de/cnt/id/Youth_person', NULL, 'Male', 'Human', NULL, NULL, NULL),
	(344, 'Claudius Gothicus', 'aus OCRE', 'Claudius II, claudius_ii_gothicus', NULL, 'http://nomisma.org/id/claudius_ii_gothicus', NULL, 'Male', 'Human', 'Emperor', 'BarracksEmperors', NULL),
	(346, 'Aurelian', 'aus OCRE', NULL, NULL, 'http://nomisma.org/id/aurelian', NULL, 'Male', 'Human', 'Emperor', 'BarracksEmperors', NULL),
	(347, 'Severina', 'aus OCRE', 'Ulpia Severina, ulpia_severina', NULL, 'http://nomisma.org/id/ulpia_severina', NULL, 'Female', 'Human', 'Emperor', 'BarracksEmperors', NULL),
	(348, 'Florian', 'aus OCRE', 'Florianus', NULL, 'http://nomisma.org/id/florianus', NULL, 'Male', 'Human', 'Emperor', 'BarracksEmperors', NULL),
	(349, 'Tacitus', 'aus OCRE', NULL, NULL, 'http://nomisma.org/id/tacitus', NULL, 'Male', 'Human', 'Emperor', 'BarracksEmperors', NULL),
	(350, 'Probus', 'aus OCRE', NULL, NULL, 'http://nomisma.org/id/probus', NULL, 'Male', 'Human', 'Emperor', 'BarracksEmperors', NULL),
	(352, 'Tempus', 'aus OCRE', NULL, NULL, 'http://www.dbis.cs.uni-frankfurt.de/cnt/id/Tempus_person', NULL, 'Male', 'Deities', 'Roman', 'Other', NULL),
	(353, 'Siscia', 'aus OCRE', NULL, NULL, 'http://www.dbis.cs.uni-frankfurt.de/cnt/id/Siscia_person', NULL, 'Female', 'Deities', 'Roman', 'Personification', NULL),
	(354, 'Savus', 'aus OCRE', NULL, NULL, 'http://www.dbis.cs.uni-frankfurt.de/cnt/id/Savus_person', NULL, 'Male', 'Deities', 'Roman', 'RiverGod', NULL),
	(355, 'Maximian', 'aus OCRE', NULL, NULL, 'http://nomisma.org/id/maximian', NULL, 'Male', 'Human', 'Emperor', 'Tetrarchy', NULL),
	(356, 'Diocletian', 'aus OCRE', 'Diokletian', NULL, 'http://nomisma.org/id/diocletian', NULL, 'Male', 'Human', 'Emperor', 'Tetrarchy', NULL),
	(357, 'Constantius Chlorus', 'aus OCRE', 'constantius_chlorus', 'Constntius Chlorus', 'http://nomisma.org/id/constantius_chlorus', NULL, 'Male', 'Human', 'Emperor', 'Tetrarchy', NULL),
	(358, 'Quies', 'aus OCRE', NULL, NULL, 'http://www.dbis.cs.uni-frankfurt.de/cnt/id/Quies_person', NULL, 'Female', 'Deities', 'Roman', 'Personification', NULL),
	(359, 'Constantine the Great', 'aus OCRE', 'Constantine I, constantine_i', NULL, 'http://nomisma.org/id/constantine_i', NULL, 'Male', 'Human', 'Emperor', 'ConstantinianDynasty', NULL),
	(360, 'Galerius', 'aus OCRE', NULL, NULL, 'http://nomisma.org/id/galerius', NULL, 'Male', 'Human', 'Emperor', 'Tetrarchy', NULL),
	(361, 'Licinius', 'aus OCRE', 'Licinius I', NULL, 'http://nomisma.org/id/licinius', NULL, 'Male', 'Human', 'Emperor', 'Tetrarchy', NULL),
	(362, 'Maximinus Daia', 'aus OCRE', 'Maximinus II, maximinus_daia', NULL, 'http://nomisma.org/id/maximinus_daia', NULL, 'Male', 'Human', 'Emperor', 'Tetrarchy', NULL),
	(363, 'Alamannia', 'aus OCRE', NULL, NULL, 'http://www.dbis.cs.uni-frankfurt.de/cnt/id/Alamannia_person', NULL, 'Female', 'Deities', 'Roman', 'Personification', NULL),
	(364, 'Maxentius', 'aus OCRE', NULL, NULL, 'http://nomisma.org/id/maxentius', NULL, 'Male', 'Human', 'Emperor', 'Tetrarchy', NULL),
	(366, 'Severus II', 'aus OCRE', 'Valerius Severus, severus_ii', NULL, 'http://nomisma.org/id/severus_ii', NULL, 'Male', 'Human', 'Emperor', 'Tetrarchy', NULL),
	(368, 'Africa', 'aus OCRE', NULL, NULL, 'http://www.dbis.cs.uni-frankfurt.de/cnt/id/Africa_person', NULL, 'Female', 'Deities', 'Roman', 'Personification', NULL),
	(369, 'Domitius Alexander', 'aus OCRE', 'domitius_alexander', NULL, 'http://nomisma.org/id/domitius_alexander', NULL, 'Male', 'Human', 'Emperor', 'Tetrarchy', NULL),
	(371, 'Galeria Valeria', 'aus OCRE', 'galeria_valeria', NULL, 'http://nomisma.org/id/galeria_valeria', NULL, 'Female', 'Human', 'Emperor', 'Tetrarchy', NULL),
	(373, 'Helena', 'aus OCRE', NULL, NULL, 'http://nomisma.org/id/helena', NULL, 'Female', 'Human', 'EmperorsFamily', 'ConstantinianDynasty', NULL),
	(374, 'Respublica', 'aus OCRE', 'Res Publica', NULL, 'http://www.dbis.cs.uni-frankfurt.de/cnt/id/RespublicaVictory_person', NULL, 'Female', 'Deities', 'Roman', 'Personification', NULL),
	(375, 'Fausta', 'aus OCRE', NULL, NULL, 'http://nomisma.org/id/fausta', NULL, 'Female', 'Human', 'Emperor', 'ConstantinianDynasty', NULL),
	(376, 'Constantius II', 'aus OCRE', 'constantius_ii', NULL, 'http://nomisma.org/id/constantius_ii', NULL, 'Male', 'Human', 'Emperor', 'ConstantinianDynasty', NULL),
	(377, 'Arles', 'aus OCRE', 'Arelate', NULL, 'http://www.dbis.cs.uni-frankfurt.de/cnt/id/Arles_person', NULL, 'Female', 'Deities', 'Roman', 'Personification', NULL),
	(378, 'Licinius II', 'aus OCRE', 'licinius_ii', NULL, 'http://nomisma.org/id/licinius_ii', NULL, 'Male', 'Human', 'Emperor', 'Tetrarchy', NULL),
	(380, 'Constantinopolis', 'aus OCRE', NULL, NULL, 'http://www.dbis.cs.uni-frankfurt.de/cnt/id/Constantinopolis_person', NULL, 'Female', 'Deities', 'Roman', 'Personification', NULL),
	(382, 'Goth', 'aus OCRE', NULL, NULL, 'http://www.dbis.cs.uni-frankfurt.de/cnt/id/Goth_person', NULL, 'Male', 'Human', 'Barbarian', NULL, NULL),
	(383, 'Dalmatius', 'aus OCRE', NULL, NULL, 'http://nomisma.org/id/dalmatius', NULL, 'Male', 'Human', 'Emperor', 'ConstantinianDynasty', NULL),
	(384, 'Euphratides', 'aus OCRE', NULL, NULL, 'http://www.dbis.cs.uni-frankfurt.de/cnt/id/Euphratides_person', NULL, 'Male', 'Deities', 'Roman', 'RiverGod', NULL),
	(386, 'Magnentius', 'aus OCRE', NULL, NULL, 'http://nomisma.org/id/magnentius', NULL, 'Male', 'Human', 'Emperor', 'Ursurper', NULL),
	(388, 'Decentius', 'aus OCRE', NULL, NULL, 'http://nomisma.org/id/decentius', NULL, 'Male', 'Human', 'Emperor', 'Ursurper', NULL),
	(392, 'Constantius Gallus', 'aus OCRE', 'constantius_gallus', NULL, 'http://nomisma.org/id/constantius_gallus', NULL, 'Male', 'Human', 'Emperor', 'ConstantinianDynasty', NULL),
	(397, 'Julian', 'aus OCRE', 'Julian the Apostate, Julianus, julian_the_apostate', NULL, 'http://nomisma.org/id/julian_the_apostate', NULL, 'Male', 'Human', 'Emperor', 'ConstantinianDynasty', NULL),
	(398, 'Nephthys', 'aus OCRE', NULL, NULL, 'http://www.dbis.cs.uni-frankfurt.de/cnt/id/Nephthys_person', NULL, 'Female', 'Deities', 'Egyptian', 'Other', NULL),
	(399, 'barbarian', 'aus OCRE', NULL, NULL, 'http://www.dbis.cs.uni-frankfurt.de/cnt/id/barbariankneeling_person', NULL, 'Male', 'Human', 'Barbarian', NULL, NULL),
	(400, 'Vetranio', 'aus OCRE', NULL, NULL, 'http://nomisma.org/id/vetranio', NULL, 'Male', 'Human', 'Emperor', NULL, NULL),
	(401, 'Arcadius', 'aus OCRE', NULL, NULL, 'http://nomisma.org/id/arcadius', NULL, 'Male', 'Human', 'Emperor', 'TheodosianDynasty', NULL),
	(402, 'Honorius', 'aus OCRE', NULL, NULL, 'http://nomisma.org/id/honorius', NULL, 'Male', 'Human', 'Emperor', 'TheodosianDynasty', NULL),
	(403, 'Eudoxia', 'aus OCRE', 'aelia_eudoxia', NULL, 'http://nomisma.org/id/aelia_eudoxia', NULL, 'Female', 'Human', 'Emperor', 'TheodosianDynasty', NULL),
	(405, 'Theodosius', 'aus OCRE', 'Theodosius I, Theodosius the Great, theodosius_i', NULL, 'http://nomisma.org/id/theodosius_i', NULL, 'Male', 'Human', 'Emperor', 'TheodosianDynasty', NULL),
	(406, 'Pulcheria', 'aus OCRE', 'aelia_pulcheria', NULL, 'http://nomisma.org/id/aelia_pulcheria', NULL, 'Female', 'Human', 'Emperor', 'TheodosianDynasty', NULL),
	(407, 'Valentinian I', 'aus OCRE', 'Valentinian the Great, valentinian_i', NULL, 'http://nomisma.org/id/valentinian_i', NULL, 'Male', 'Human', 'Emperor', 'ValentinianDynasty', NULL),
	(408, 'Marcian', 'aus OCRE', NULL, NULL, 'http://nomisma.org/id/marcian', NULL, 'Male', 'Human', 'Emperor', 'TheodosianDynasty', NULL),
	(410, 'Leo I', 'aus OCRE', 'Leo the Thracian, leo_i', NULL, 'http://nomisma.org/id/leo_i', NULL, 'Male', 'Human', 'Emperor', 'LeonidDynasty', NULL),
	(411, 'Verina', 'aus OCRE', 'aelia_verina', NULL, 'http://nomisma.org/id/aelia_verina', NULL, 'Female', 'Human', 'Emperor', 'LeonidDynasty', NULL),
	(412, 'Leo II', 'aus OCRE', 'leo_ii', NULL, 'http://nomisma.org/id/leo_ii', NULL, 'Male', 'Human', 'Emperor', 'LeonidDynasty', NULL),
	(413, 'Zeno', 'aus OCRE', 'Zeno the Isaurian', NULL, 'http://nomisma.org/id/zeno', NULL, 'Male', 'Human', 'Emperor', 'LeonidDynasty', NULL),
	(414, 'Basiliscus', 'aus OCRE', NULL, NULL, 'http://nomisma.org/id/basiliscus', NULL, 'Male', 'Human', 'Emperor', 'LeonidDynasty', NULL),
	(415, 'Flavius Marcus', 'aus OCRE', 'flavius_marcus', NULL, 'http://nomisma.org/id/flavius_marcus', NULL, 'Male', 'Human', 'Emperor', 'LeonidDynasty', NULL),
	(416, 'Leontius', 'aus OCRE', NULL, NULL, 'http://nomisma.org/id/leontius', NULL, 'Male', 'Human', 'Emperor', 'Ursurper', NULL),
	(417, 'Dancer', 'aus OCRE', NULL, NULL, 'http://www.dbis.cs.uni-frankfurt.de/cnt/id/Dancer_person', NULL, 'Male', 'Human', NULL, NULL, NULL),
	(418, 'Consul', 'aus OCRE', NULL, NULL, 'http://www.dbis.cs.uni-frankfurt.de/cnt/id/Consul_person', NULL, 'Male', 'Human', NULL, NULL, NULL),
	(419, 'Libius Severus', 'aus OCRE', 'Severus III, libius_severus', NULL, 'http://nomisma.org/id/libius_severus', NULL, 'Male', 'Human', 'Emperor', NULL, NULL),
	(420, 'Anthemius', 'aus OCRE', NULL, NULL, 'http://nomisma.org/id/anthemius', NULL, 'Male', 'Human', 'Emperor', NULL, NULL),
	(421, 'Euphemia', 'aus OCRE', 'Marcia Euphemia', NULL, 'http://www.dbis.cs.uni-frankfurt.de/cnt/id/Euphemia_person', NULL, 'Female', 'Human', 'Emperor', NULL, NULL),
	(422, 'Glycerius', 'aus OCRE', NULL, NULL, 'http://nomisma.org/id/glycerius', NULL, 'Male', 'Human', 'Emperor', NULL, NULL),
	(423, 'Julius Nepos', 'aus OCRE', 'julius_nepos', NULL, 'http://nomisma.org/id/julius_nepos', NULL, 'Male', 'Human', 'Emperor', NULL, NULL),
	(424, 'Carus', 'aus OCRE', NULL, NULL, 'http://nomisma.org/id/carus', NULL, 'Male', 'Human', 'Emperor', 'BarracksEmperors', NULL),
	(425, 'Carinus', 'aus OCRE', NULL, NULL, 'http://nomisma.org/id/carinus', NULL, 'Male', 'Human', 'Emperor', 'BarracksEmperors', NULL),
	(426, 'Numerian', 'aus OCRE', NULL, NULL, 'http://nomisma.org/id/numerian', NULL, 'Male', 'Human', 'Emperor', 'BarracksEmperors', NULL),
	(427, 'Gaul', 'aus OCRE', NULL, NULL, 'http://www.dbis.cs.uni-frankfurt.de/cnt/id/Gaul_person', NULL, 'Male', 'Human', 'Barbarian', NULL, NULL),
	(428, 'Laelianus', 'aus OCRE', NULL, NULL, 'http://nomisma.org/id/laelianus', NULL, 'Male', 'Human', 'Emperor', 'Ursurper', NULL),
	(429, 'Victorinus', 'aus OCRE', NULL, NULL, 'http://nomisma.org/id/victorinus', NULL, 'Male', 'Human', 'Emperor', 'BarracksEmperors', NULL),
	(431, 'Tetricus', 'aus OCRE', 'Tetricus I, tetricus_i', NULL, 'http://nomisma.org/id/tetricus_i', NULL, 'Male', 'Human', 'Emperor', 'BarracksEmperors', NULL),
	(432, 'Tutela', 'aus OCRE', NULL, NULL, 'http://www.dbis.cs.uni-frankfurt.de/cnt/id/Tutela_person', NULL, 'Female', 'Deities', 'Roman', 'Other', NULL),
	(434, 'Carausius', 'aus OCRE', NULL, NULL, 'http://nomisma.org/id/carausius', NULL, 'Male', 'Human', 'Emperor', 'BarracksEmperors', NULL),
	(435, 'Equitas', 'aus OCRE', NULL, NULL, 'http://www.dbis.cs.uni-frankfurt.de/cnt/id/Equitas_person', NULL, 'Female', 'Deities', 'Roman', 'Personification', NULL),
	(436, 'Allectus', 'aus OCRE', NULL, NULL, 'http://nomisma.org/id/allectus', NULL, 'Male', 'Human', 'Emperor', 'Ursurper', NULL),
	(437, 'Gratian', 'aus OCRE', NULL, NULL, 'http://nomisma.org/id/gratian', NULL, 'Male', 'Human', 'Emperor', 'ValentinianDynasty', NULL),
	(438, 'Valentinian II', 'aus OCRE', 'valentinian_ii', NULL, 'http://nomisma.org/id/valentinian_ii', NULL, 'Male', 'Human', 'Emperor', 'ValentinianDynasty', NULL),
	(439, 'Valens', 'aus OCRE', NULL, NULL, 'http://nomisma.org/id/valens', NULL, 'Male', 'Human', 'Emperor', 'ValentinianDynasty', NULL),
	(440, 'Didius Julianus', 'aus OCRE', 'didius_julianus', NULL, 'http://nomisma.org/id/didius_julianus', NULL, 'Male', 'Human', 'Emperor', 'YearofFourEmperors', NULL),
	(441, 'Pescennius Niger', 'aus OCRE', 'pescennius_niger', NULL, 'http://nomisma.org/id/pescennius_niger', NULL, 'Male', 'Human', 'Emperor', 'YearofFourEmperors', NULL),
	(442, 'Balbinus', 'aus OCRE', NULL, NULL, 'http://nomisma.org/id/balbinus', NULL, 'Male', 'Human', 'Emperor', 'BarracksEmperors', NULL),
	(443, 'Decius', 'aus OCRE', 'trajan_decius', NULL, 'http://nomisma.org/id/trajan_decius', NULL, 'Male', 'Human', 'Emperor', 'BarracksEmperors', NULL),
	(444, 'Quintillus', 'aus OCRE', NULL, NULL, 'http://nomisma.org/id/quintillus', NULL, 'Male', 'Human', 'Emperor', 'BarracksEmperors', NULL),
	(445, 'Constans', 'aus OCRE', 'Constans I', NULL, 'http://nomisma.org/id/constans', NULL, 'Male', 'Human', 'Emperor', 'ConstantinianDynasty', NULL),
	(446, 'Constantine II', 'aus OCRE', 'constantine_ii', NULL, 'http://nomisma.org/id/constantine_ii', NULL, 'Male', 'Human', 'Emperor', 'ConstantinianDynasty', NULL),
	(447, 'Jovian', 'aus OCRE', NULL, NULL, 'http://nomisma.org/id/jovianus', NULL, 'Male', 'Human', 'Emperor', NULL, NULL),
	(448, 'Magnus Maximus', 'aus OCRE', 'magnus_maximus', NULL, 'http://nomisma.org/id/magnus_maximus', NULL, 'Male', 'Human', 'Emperor', NULL, NULL),
	(449, 'Theodosius II', 'aus OCRE', 'Theodosius the Younger, theodosius_ii', NULL, 'http://nomisma.org/id/theodosius_ii', NULL, 'Male', 'Human', 'Emperor', 'TheodosianDynasty', NULL),
	(450, 'Joannes', 'aus OCRE', NULL, NULL, 'http://nomisma.org/id/joannes', NULL, 'Male', 'Human', 'Emperor', 'Ursurper', NULL),
	(451, 'Valentinian III', 'aus OCRE', 'valentinian_iii', NULL, 'http://nomisma.org/id/valentinian_iii', NULL, 'Male', 'Human', 'Emperor', 'TheodosianDynasty', NULL),
	(452, 'Petronius Maximus', 'aus OCRE', 'petronius_maximus', NULL, 'http://nomisma.org/id/petronius_maximus', NULL, 'Male', 'Human', 'Emperor', NULL, NULL),
	(453, 'Avitus', 'aus OCRE', NULL, NULL, 'http://nomisma.org/id/avitus', NULL, 'Male', 'Human', 'Emperor', NULL, NULL),
	(454, 'Majorian', 'aus OCRE', NULL, NULL, 'http://nomisma.org/id/majorian', NULL, 'Male', 'Human', 'Emperor', NULL, NULL),
	(455, 'Olybrius', 'aus OCRE', NULL, NULL, 'http://nomisma.org/id/olybrius', NULL, 'Male', 'Human', 'Emperor', NULL, NULL),
	(456, 'Romulus Augustulus', 'aus OCRE', 'romulus_augustulus', NULL, 'http://nomisma.org/id/romulus_augustulus', NULL, 'Male', 'Human', 'Emperor', NULL, NULL),
	(457, 'child', 'aus OCRE', 'children', NULL, 'http://www.dbis.cs.uni-frankfurt.de/cnt/id/child_person', NULL, 'Male', 'Human', NULL, NULL, NULL),
	(458, 'senator', 'aus OCRE', 'senators', NULL, 'http://www.dbis.cs.uni-frankfurt.de/cnt/id/senator_person', NULL, 'Male', 'Human', NULL, NULL, NULL),
	(459, 'citizen', 'aus OCRE', 'citizens', NULL, 'http://www.dbis.cs.uni-frankfurt.de/cnt/id/citizen_person', NULL, 'Male', 'Human', NULL, NULL, NULL),
	(461, 'Crispus', 'aus OCRE', NULL, NULL, 'http://nomisma.org/id/crispus', NULL, 'Male', 'Human', 'Emperor', 'ConstantinianDynasty', NULL),
	(462, 'Postumus', 'aus OCRE', NULL, NULL, 'http://nomisma.org/id/postumus', NULL, 'Male', 'Human', 'Emperor', 'BarracksEmperors', NULL),
	(463, 'Tetricus II', 'aus OCRE', 'tetricus_ii', NULL, 'http://nomisma.org/id/tetricus_ii', NULL, 'Male', 'Human', 'Emperor', 'BarracksEmperors', NULL),
	(464, 'Sabinus Julianus', 'aus OCRE', 'Julian of Pannonia', NULL, 'http://nomisma.org/id/sabinus_julianus', NULL, 'Male', 'Human', 'Emperor', 'Ursurper', NULL);
/*!40000 ALTER TABLE `nlp_list_person` ENABLE KEYS */;

-- Exportiere Struktur von Tabelle thrakien_cnt.nlp_list_plant
CREATE TABLE IF NOT EXISTS `nlp_list_plant` (
  `id` int(11) NOT NULL AUTO_INCREMENT,
  `name` varchar(100) DEFAULT NULL,
  `description` varchar(800) DEFAULT NULL,
  `alternativenames` varchar(2000) DEFAULT NULL,
  `typos` varchar(250) DEFAULT NULL,
  `link` varchar(100) DEFAULT NULL,
  `Cat_I` varchar(50) DEFAULT NULL,
  `Cat_II` varchar(50) DEFAULT NULL,
  PRIMARY KEY (`id`)
) ENGINE=InnoDB AUTO_INCREMENT=29 DEFAULT CHARSET=utf8;

-- Exportiere Daten aus Tabelle thrakien_cnt.nlp_list_plant: ~28 rows (ungefähr)
/*!40000 ALTER TABLE `nlp_list_plant` DISABLE KEYS */;
INSERT INTO `nlp_list_plant` (`id`, `name`, `description`, `alternativenames`, `typos`, `link`, `Cat_I`, `Cat_II`) VALUES
	(1, 'apple', NULL, 'apples', NULL, 'http://www.dbis.cs.uni-frankfurt.de/cnt/id/apple_plant', 'Fruit', NULL),
	(2, 'barley', NULL, NULL, NULL, 'http://www.dbis.cs.uni-frankfurt.de/cnt/id/barley_plant', 'Cereal-Grain', NULL),
	(3, 'berry', NULL, 'berries', NULL, 'http://www.dbis.cs.uni-frankfurt.de/cnt/id/berry_plant', 'Fruit', NULL),
	(4, 'branch', NULL, 'branches', NULL, 'http://www.dbis.cs.uni-frankfurt.de/cnt/id/branch_plant', 'Branches', 'PlantsParts'),
	(5, 'cloverleaf', NULL, 'cloverleaves', NULL, 'http://www.dbis.cs.uni-frankfurt.de/cnt/id/cloverleaf_plant', 'Herb', 'Leaves'),
	(6, 'conifer', NULL, 'conifers', NULL, 'http://www.dbis.cs.uni-frankfurt.de/cnt/id/conifer_plant', 'Tree', NULL),
	(7, 'corn', NULL, NULL, NULL, 'http://www.dbis.cs.uni-frankfurt.de/cnt/id/corn_plant', 'Cereal-Grain', NULL),
	(8, 'ear', NULL, 'ears', NULL, 'http://www.dbis.cs.uni-frankfurt.de/cnt/id/ear_plant', 'Cereal-Grain', NULL),
	(9, 'flower', NULL, 'flowers', NULL, 'http://www.dbis.cs.uni-frankfurt.de/cnt/id/flower_plant', 'Flower', NULL),
	(10, 'fruit', NULL, 'fruits', NULL, 'http://www.dbis.cs.uni-frankfurt.de/cnt/id/fruit_plant', 'Fruit', 'PlantsParts'),
	(11, 'grain', NULL, NULL, NULL, 'http://www.dbis.cs.uni-frankfurt.de/cnt/id/grain_plant', 'Cereal-Grain', NULL),
	(12, 'grape', NULL, 'grapes', NULL, 'http://www.dbis.cs.uni-frankfurt.de/cnt/id/grape_plant', 'Fruit', NULL),
	(13, 'ivy', NULL, NULL, NULL, 'http://www.dbis.cs.uni-frankfurt.de/cnt/id/ivy_plant', 'Bush', NULL),
	(14, 'laurel', NULL, 'laurels', NULL, 'http://www.dbis.cs.uni-frankfurt.de/cnt/id/laurel_plant', 'Tree', NULL),
	(15, 'leaf', NULL, 'leafs', NULL, 'http://www.dbis.cs.uni-frankfurt.de/cnt/id/leaf_plant', 'Leaves', 'PlantsParts'),
	(16, 'lotus', NULL, 'lotuses', NULL, 'http://www.dbis.cs.uni-frankfurt.de/cnt/id/lotus_plant', 'Flower', NULL),
	(17, 'oak', NULL, 'oaks', NULL, 'http://www.dbis.cs.uni-frankfurt.de/cnt/id/oak_plant', 'Tree', NULL),
	(18, 'olive', NULL, 'olives', NULL, 'http://www.dbis.cs.uni-frankfurt.de/cnt/id/olive_plant', 'Tree', NULL),
	(19, 'palm', NULL, 'palms', NULL, 'http://www.dbis.cs.uni-frankfurt.de/cnt/id/palm_plant', 'Tree', NULL),
	(20, 'palmette', NULL, 'palmettes', NULL, 'http://www.dbis.cs.uni-frankfurt.de/cnt/id/palmette_plant', 'Tree', NULL),
	(21, 'plant', NULL, 'plants', NULL, 'http://www.dbis.cs.uni-frankfurt.de/cnt/id/plant_plant', NULL, NULL),
	(22, 'poppy', NULL, 'poppies', NULL, 'http://www.dbis.cs.uni-frankfurt.de/cnt/id/poppy_plant', 'Cereal-Grain', NULL),
	(23, 'reed', NULL, 'reeds', NULL, 'http://www.dbis.cs.uni-frankfurt.de/cnt/id/reed_plant', 'Grass', NULL),
	(24, 'rose', NULL, 'roses', NULL, 'http://www.dbis.cs.uni-frankfurt.de/cnt/id/rose_plant', 'Flower', NULL),
	(25, 'thorn', NULL, 'thorns', NULL, 'http://www.dbis.cs.uni-frankfurt.de/cnt/id/thorn_plant', NULL, 'PlantsParts'),
	(26, 'tree', NULL, 'trees', NULL, 'http://www.dbis.cs.uni-frankfurt.de/cnt/id/tree_plant', 'Tree', NULL),
	(27, 'vine', NULL, 'vines', NULL, 'http://www.dbis.cs.uni-frankfurt.de/cnt/id/vine_plant', 'Bush', NULL),
	(28, 'wheat-ear', NULL, 'wheat-ears', NULL, 'http://www.dbis.cs.uni-frankfurt.de/cnt/id/wheat_ear_plant', 'Cereal-Grain', NULL);
/*!40000 ALTER TABLE `nlp_list_plant` ENABLE KEYS */;

-- Exportiere Struktur von Tabelle thrakien_cnt.nlp_list_relations
CREATE TABLE IF NOT EXISTS `nlp_list_relations` (
  `id` int(11) NOT NULL AUTO_INCREMENT,
  `name` varchar(100) COLLATE utf8mb4_unicode_ci DEFAULT NULL,
  `description` varchar(800) COLLATE utf8mb4_unicode_ci DEFAULT NULL,
  `alternativenames` varchar(2000) COLLATE utf8mb4_unicode_ci DEFAULT NULL,
  `typos` varchar(250) COLLATE utf8mb4_unicode_ci DEFAULT NULL,
  `link` varchar(100) COLLATE utf8mb4_unicode_ci DEFAULT NULL,
  `Cat_I` varchar(50) COLLATE utf8mb4_unicode_ci DEFAULT NULL,
  `Cat_II` varchar(50) COLLATE utf8mb4_unicode_ci DEFAULT NULL,
  PRIMARY KEY (`id`)
) ENGINE=InnoDB AUTO_INCREMENT=12 DEFAULT CHARSET=utf8mb4 COLLATE=utf8mb4_unicode_ci;

-- Exportiere Daten aus Tabelle thrakien_cnt.nlp_list_relations: ~11 rows (ungefähr)
/*!40000 ALTER TABLE `nlp_list_relations` DISABLE KEYS */;
INSERT INTO `nlp_list_relations` (`id`, `name`, `description`, `alternativenames`, `typos`, `link`, `Cat_I`, `Cat_II`) VALUES
	(1, 'holding', NULL, 'holding, carrying (garment), brandishing (spear), shouldering (rudder), playing (lyre, aulos), raising (shield), cradling (torch)', NULL, 'http://www.dbis.cs.uni-frankfurt.de/cnt/id/holding_relation', 'PersonToObject', 'PersonToPerson'),
	(2, 'wearing', NULL, 'wearing, covered with (lion-skin)', NULL, 'http://www.dbis.cs.uni-frankfurt.de/cnt/id/wearing_relation', 'PersonToObject', NULL),
	(3, 'resting_on', NULL, 'resting on, leaning on', NULL, 'http://www.dbis.cs.uni-frankfurt.de/cnt/id/resting_on_relation', 'PersonToObject', NULL),
	(4, 'seated_on', NULL, 'seated on, seated in', NULL, 'http://www.dbis.cs.uni-frankfurt.de/cnt/id/seated_on_relation', 'PersonToObject', NULL),
	(5, 'standing', NULL, 'standing in (biga), driving (biga), standing on (galley)', NULL, 'http://www.dbis.cs.uni-frankfurt.de/cnt/id/standing_relation', 'PersonToObject', NULL),
	(6, 'drawing', NULL, 'drawing (arrow)', NULL, 'http://www.dbis.cs.uni-frankfurt.de/cnt/id/drawing_relation', 'PersonToObject', NULL),
	(7, 'stepping_on', NULL, 'stepping_on (helmet)', NULL, 'http://www.dbis.cs.uni-frankfurt.de/cnt/id/stepping_on_relation', 'PersonToObject', NULL),
	(8, 'grasping', NULL, 'scooping (gold), reach out for (person), plucking (chiton)', NULL, 'http://www.dbis.cs.uni-frankfurt.de/cnt/id/grasping_relation', 'PersonToObject', 'PersonToPerson'),
	(9, 'lying', NULL, 'lying on', NULL, 'http://www.dbis.cs.uni-frankfurt.de/cnt/id/lying_relation', 'PersonToObject', NULL),
	(10, 'hurling', NULL, 'hurling (thunderbolt)', NULL, 'http://www.dbis.cs.uni-frankfurt.de/cnt/id/hurling_relation', 'PersonToObject', NULL),
	(11, 'no_existing_relation', NULL, NULL, NULL, NULL, NULL, NULL);
/*!40000 ALTER TABLE `nlp_list_relations` ENABLE KEYS */;

/*!40101 SET SQL_MODE=IFNULL(@OLD_SQL_MODE, '') */;
/*!40014 SET FOREIGN_KEY_CHECKS=IF(@OLD_FOREIGN_KEY_CHECKS IS NULL, 1, @OLD_FOREIGN_KEY_CHECKS) */;
/*!40101 SET CHARACTER_SET_CLIENT=@OLD_CHARACTER_SET_CLIENT */;
